Type,Distance0,Distance1,Distance2,Distance3,Distance4,Distance5,Distance6,Distance7,Distance8,Distance9,Distance10,Distance11,Distance12,Distance13,Distance14,Distance15,Distance16,Distance17,Distance18,Distance19,Distance20,Distance21,Distance22,Distance23,Distance24,Distance25,Distance26,Distance27,Distance28,Distance29,Distance30,Distance31,Distance32,Distance33,Distance34,Distance35,Distance36,Distance37,Distance38,Distance39,Distance40,Distance41,Distance42,Distance43,Distance44,Distance45,Distance46,Distance47,Distance48,Distance49,Distance50,Distance51,Distance52,Distance53,Distance54,Distance55,Distance56,Distance57,Distance58,Distance59,Distance60,Distance61,Distance62,Distance63,Distance64,Distance65,Distance66,Distance67,Distance68,Distance69,Distance70,Distance71,Distance72,Distance73,Distance74,Distance75,Distance76,Distance77,Distance78,Distance79,Distance80,Distance81,Distance82,Distance83,Distance84,Distance85,Distance86,Distance87,Distance88,Distance89
0,178,114,179,97,67,130,73,132,93,64,62,60,127,98,179,65,180,89,106,179,67,73,62,56,91,88,59,72,82,55,90,79,102,56,73,106,155,89,89,104,146,59,60,97,98,86,110,81,57,128,73,139,69,75,137,60,133,68,98,137,118,91,103,68,91,132,136,80,100,89,69,89,90,90,72,58,54,88,89,74,92,89,90,57,54,48,68,89,89,61
0,179,176,178,33,24,96,62,103,75,62,93,95,178,72,89,104,111,67,181,87,61,127,68,105,64,89,72,91,60,6,89,119,68,111,134,105,69,147,96,60,61,60,71,127,52,77,57,76,104,138,73,7,92,138,92,108,105,82,84,88,122,137,107,68,58,136,7,93,121,89,68,76,88,94,42,87,88,62,84,60,90,84,90,89,63,51,88,90,85,74
1,86,86,86,83,68,86,60,85,86,86,86,58,86,86,85,86,85,8,85,85,63,84,85,85,85,86,59,58,60,86,86,85,64,67,59,84,77,86,87,86,84,86,83,87,84,84,90,61,78,89,92,7,96,92,138,58,90,65,62,76,78,63,80,79,8,77,76,76,79,77,64,70,69,76,7,78,71,77,77,77,57,76,76,72,76,7,53,64,76,77
1,99,100,99,80,98,93,64,94,98,99,93,59,67,92,57,93,92,82,92,92,41,81,54,91,92,90,88,93,56,83,85,91,75,65,73,92,91,91,81,82,49,50,92,92,81,88,72,59,80,92,70,63,87,94,101,58,95,67,95,53,120,7,56,73,7,95,100,117,91,117,118,74,67,86,57,91,57,120,117,55,87,68,117,97,120,119,73,80,119,62
1,70,70,69,64,68,58,7,70,69,54,9,59,68,69,64,63,69,7,70,69,61,68,52,63,55,69,68,8,49,64,68,68,64,69,68,8,68,68,69,69,69,58,69,59,69,69,69,71,69,70,54,54,71,87,66,50,127,9,156,7,130,60,99,101,56,142,80,62,163,68,59,83,57,116,74,65,76,125,129,86,103,132,74,72,65,58,72,55,71,69
1,104,105,105,7,100,88,86,101,100,66,7,45,102,89,7,100,100,66,100,100,59,90,97,87,55,99,75,69,78,80,70,58,63,75,100,101,102,8,124,86,80,99,92,101,102,69,84,8,53,124,103,63,129,116,72,7,129,8,127,90,65,59,71,70,66,70,69,70,69,70,70,69,52,69,69,60,70,70,70,71,69,71,70,60,71,64,7,8,71,73
1,79,79,80,77,80,79,74,79,56,57,79,80,79,80,78,79,79,61,59,79,48,80,79,81,80,81,8,48,80,76,82,82,76,8,53,97,81,96,85,109,106,109,62,8,110,88,85,57,83,98,79,113,67,8,98,56,96,101,102,85,117,64,119,116,8,98,72,114,195,8,73,103,53,97,100,56,8,79,97,8,102,97,100,80,71,77,85,84,149,85
1,135,137,21,10,23,7,26,7,120,59,109,66,64,132,135,132,134,93,137,136,7,129,82,136,97,135,80,67,62,95,83,102,66,112,98,130,100,136,106,116,8,114,87,103,134,127,102,79,131,136,80,135,91,75,115,8,82,133,132,65,140,63,97,66,75,105,60,61,138,59,58,48,55,130,63,58,87,72,137,8,68,65,140,86,66,82,7,8,136,8
1,13,12,12,10,10,11,11,12,13,14,13,15,6,13,11,8,13,68,7,15,60,180,63,112,63,90,67,61,69,88,75,71,8,58,101,128,172,175,7,8,77,124,152,175,69,98,101,8,158,130,149,55,179,109,94,117,55,67,170,55,91,69,108,95,7,110,67,107,116,60,88,8,59,138,82,57,73,94,111,83,113,115,92,80,94,70,58,85,94,9
1,128,94,126,6,65,59,87,84,8,60,124,61,121,83,127,125,81,78,107,116,81,124,53,119,97,7,80,54,54,61,71,78,65,79,65,121,71,125,86,8,61,122,8,120,77,117,90,78,90,117,77,54,117,64,122,58,90,75,89,92,90,64,87,88,7,88,54,89,58,71,52,73,7,44,90,87,92,88,85,62,84,87,80,76,45,78,87,86,97,65
1,7,9,4,5,0,5,4,5,6,3,5,3,3,3,3,3,3,3,2,2,2,3,2,2,3,3,3,4,3,5,8,7,11,15,7,65,121,8,122,58,84,104,79,75,122,116,85,59,58,127,7,53,86,7,84,84,54,7,90,8,91,73,89,8,87,91,88,90,80,7,7,89,74,87,87,89,67,88,88,89,88,89,82,77,88,80,89,7,90,61
1,121,119,110,97,71,121,62,120,121,7,118,104,89,91,87,88,88,8,7,88,86,65,84,86,85,86,73,61,86,85,8,7,85,84,64,7,84,53,8,85,84,85,85,85,84,84,68,8,84,85,84,7,85,9,84,84,80,85,84,7,85,62,86,88,53,85,8,88,90,69,89,53,64,7,88,84,86,85,86,86,7,7,82,83,83,82,68,9,82,7
1,156,154,154,83,6,157,62,56,156,57,146,8,8,115,8,59,52,8,7,106,97,111,8,110,66,112,77,63,7,98,74,110,95,62,63,87,78,8,66,88,88,86,86,7,85,82,85,66,82,54,86,57,80,85,73,64,85,55,85,85,85,7,85,80,85,85,63,86,85,8,86,8,7,86,86,87,45,53,87,86,86,9,86,72,86,88,58,7,88,7
1,263,262,263,93,57,168,8,8,122,56,8,37,133,131,57,127,138,70,136,68,59,128,57,108,79,94,76,55,7,126,65,112,8,57,75,52,105,88,131,57,55,84,124,82,88,85,124,88,80,7,90,7,89,67,125,56,133,61,83,132,151,66,91,106,9,78,53,77,68,78,7,75,48,63,77,76,49,7,75,10,74,76,74,68,74,70,7,53,75,65
1,232,233,235,97,70,104,57,8,137,58,8,95,56,9,74,85,55,8,7,96,8,8,7,7,95,96,65,59,73,75,7,96,63,79,60,7,95,58,65,96,66,96,85,96,94,7,96,81,80,95,96,8,95,7,7,7,63,96,53,74,97,7,97,7,7,96,56,96,78,98,84,98,7,98,91,81,54,100,72,82,72,117,116,7,58,117,112,53,58,58
1,99,8,7,8,65,75,65,62,98,68,98,82,7,98,7,7,7,80,55,100,98,98,7,100,100,97,67,7,69,98,7,85,102,7,8,7,84,60,87,102,7,53,106,7,104,66,7,58,51,58,56,7,55,54,55,8,8,55,55,49,55,7,54,54,8,55,53,54,54,54,54,54,54,54,55,54,54,8,54,45,6,54,7,54,54,54,55,55,54,51
1,99,98,98,43,96,98,63,99,71,7,71,65,70,56,55,7,52,57,62,69,31,69,66,70,70,69,59,58,70,68,65,71,68,62,9,51,70,67,71,70,65,71,73,102,79,71,62,63,7,68,108,54,123,68,9,81,118,63,116,120,119,60,113,122,7,7,52,102,64,100,99,89,7,97,97,99,61,97,95,68,96,98,79,75,80,70,7,50,97,66
1,98,98,99,87,99,59,65,7,98,54,97,98,99,94,51,98,87,53,86,99,7,98,98,85,7,99,80,7,98,100,50,99,52,49,100,7,53,7,50,50,51,7,50,7,50,47,50,49,7,50,50,48,50,7,48,7,50,50,51,48,50,7,123,8,49,74,48,105,70,50,99,7,7,56,99,99,49,97,97,97,96,57,97,96,95,65,7,54,96,7
1,55,55,54,7,6,54,53,7,54,7,55,55,55,55,50,7,56,56,55,55,56,56,57,57,58,56,58,7,58,56,52,58,57,50,9,49,58,49,58,52,58,60,59,7,82,7,130,48,87,117,128,78,92,113,7,73,84,102,78,72,87,79,86,88,50,86,7,82,86,83,81,80,7,82,81,81,54,80,80,80,79,64,78,78,80,78,57,7,78,79
1,137,138,137,88,65,136,106,142,138,8,117,7,201,61,7,118,149,67,232,245,38,67,77,127,68,98,8,56,39,121,68,122,97,64,62,122,122,178,115,7,82,123,38,201,62,104,124,70,78,117,73,7,51,9,53,53,51,51,46,7,48,7,48,46,7,45,45,45,46,45,45,44,45,7,45,45,45,44,44,7,45,44,43,44,44,44,7,44,7,44
1,97,98,97,83,8,95,99,96,95,59,92,65,94,95,7,93,93,7,61,96,7,76,95,96,60,97,68,59,77,95,61,96,64,77,95,7,96,7,96,80,67,60,97,96,95,86,96,74,7,50,96,7,89,7,83,90,125,59,58,7,119,58,78,59,7,117,7,66,7,60,61,66,7,7,60,59,57,59,60,7,60,51,7,65,60,7,46,59,60,58
1,95,96,93,76,7,65,7,7,89,90,103,8,86,9,56,48,51,88,7,94,59,83,7,110,113,92,7,8,68,86,67,111,74,70,89,113,66,61,53,114,71,99,105,133,93,133,92,59,102,133,124,8,132,7,134,53,131,59,75,53,132,56,130,9,69,75,89,105,132,141,7,118,7,151,71,7,67,81,140,7,127,64,132,56,127,79,7,129,73,55
1,92,91,94,75,73,91,7,7,95,59,72,84,93,93,96,7,95,7,135,7,57,112,113,111,98,94,7,65,112,96,81,104,68,79,82,90,77,7,133,111,125,131,9,131,102,130,68,84,62,7,106,51,131,9,96,84,107,80,90,79,111,76,108,137,78,85,64,83,85,74,66,55,64,83,83,62,83,81,81,82,83,7,83,83,82,68,60,8,83,84
1,81,81,59,58,57,7,50,7,59,60,9,58,7,84,84,84,86,9,8,85,60,85,81,62,57,90,7,61,79,75,7,121,100,69,76,127,7,8,118,69,144,55,70,101,115,129,9,84,81,82,102,57,113,66,87,55,101,116,144,7,117,94,84,7,70,145,85,114,9,123,105,7,60,8,106,128,9,104,126,88,140,81,126,75,80,53,71,79,125,53
1,38,126,37,38,37,37,87,7,123,7,63,39,40,81,80,43,124,87,7,104,124,82,105,124,7,115,88,7,111,123,7,145,107,7,128,122,91,7,56,95,83,62,154,116,149,143,97,8,7,7,69,55,7,57,52,55,121,153,7,49,64,104,147,72,8,130,59,158,87,7,76,89,53,8,88,85,84,10,85,7,84,53,83,84,84,78,84,8,83,68
1,51,51,50,50,49,9,7,7,50,51,51,50,53,51,51,51,7,101,7,122,52,86,127,51,52,126,52,101,55,160,7,90,69,66,121,183,117,7,116,58,106,53,91,120,68,122,120,77,8,6,97,7,108,87,8,7,109,108,7,52,57,8,108,7,49,108,7,108,70,108,107,64,7,6,57,108,108,108,88,52,90,106,107,58,87,63,7,66,86,7
1,142,145,163,80,145,129,103,8,92,7,8,59,114,111,58,110,7,72,51,110,53,110,54,111,7,7,109,63,8,113,7,7,110,67,89,113,7,53,64,99,106,64,106,113,110,110,67,66,109,7,109,7,80,66,51,54,95,103,93,109,108,59,108,7,7,108,78,108,82,82,56,108,7,53,102,108,54,54,51,7,108,8,70,108,109,108,57,51,109,64
1,127,127,89,82,69,131,8,50,7,8,103,124,9,97,55,7,59,9,8,102,52,77,113,123,66,123,9,7,126,123,67,125,63,76,65,7,85,60,91,76,91,131,50,123,84,124,57,7,124,48,90,85,9,87,53,7,8,124,67,7,123,8,120,124,9,121,60,122,55,123,63,73,65,8,123,121,77,79,105,7,112,7,123,95,124,7,78,82,123,7
1,119,120,119,77,120,96,8,57,119,7,53,61,102,103,7,88,113,6,7,113,8,64,93,114,60,113,90,8,80,70,63,112,55,70,60,110,108,75,112,53,79,7,93,8,112,69,111,7,7,67,110,51,101,94,112,76,111,97,93,99,116,56,111,7,52,112,8,117,84,99,86,60,64,6,117,117,7,50,7,49,8,51,95,112,115,86,7,7,115,51
1,120,119,119,80,80,88,68,7,114,55,116,69,120,60,57,80,112,7,7,88,110,77,110,112,90,91,9,59,54,87,7,110,112,7,73,110,109,64,7,81,112,7,104,10,109,69,105,7,109,68,106,114,112,69,113,7,79,8,68,8,116,7,7,93,7,163,7,8,153,7,98,85,52,48,115,97,84,53,115,7,116,7,71,115,110,69,102,49,116,7
1,75,75,75,68,75,75,70,69,75,9,74,65,75,7,8,75,75,62,8,75,7,58,76,76,75,76,7,52,76,77,54,77,7,78,7,54,77,7,80,78,78,50,8,7,79,8,79,55,51,81,81,81,80,7,8,50,79,80,79,51,79,75,80,59,6,80,9,79,80,80,71,80,66,7,79,80,54,69,82,7,82,7,7,81,81,82,55,81,80,72
1,92,92,93,73,92,92,75,7,82,8,92,58,92,92,50,92,92,7,54,92,8,9,93,92,9,92,7,7,93,92,88,88,7,72,92,8,93,74,93,51,49,7,7,46,48,47,9,46,48,48,47,7,46,47,46,46,47,47,7,7,47,7,47,46,47,47,7,47,7,47,47,47,7,7,47,47,7,7,7,47,8,48,46,50,49,49,49,7,49,67
1,70,71,71,7,63,70,70,71,71,69,71,70,71,70,8,71,8,8,53,70,71,72,71,71,72,72,72,8,52,74,57,73,60,131,107,115,92,104,66,83,8,89,82,127,86,103,59,41,71,118,80,42,128,76,8,44,130,88,127,129,128,43,127,86,53,52,41,52,42,51,52,8,44,41,50,50,42,50,50,8,48,42,50,48,48,49,48,46,48,47
1,75,75,74,5,64,74,63,73,74,72,74,8,74,74,63,74,74,8,50,74,64,74,74,75,75,75,60,56,62,8,56,75,72,7,75,76,68,76,7,54,76,66,76,77,77,80,78,7,70,115,61,93,123,55,52,8,91,85,170,197,90,8,134,8,43,130,52,40,42,127,47,40,40,188,45,44,44,45,7,8,46,7,45,46,45,41,41,7,40,41
1,217,197,103,91,102,88,57,95,97,61,95,64,95,95,6,91,83,53,93,95,7,71,68,48,94,94,59,7,94,94,81,80,50,74,94,94,53,95,80,49,74,95,71,94,95,95,95,8,8,8,78,7,97,7,98,8,7,68,101,52,96,86,102,102,7,103,63,104,7,117,114,7,59,116,117,7,83,85,116,7,117,112,122,99,53,64,104,7,106,89
1,80,80,80,60,68,80,81,147,80,56,149,59,96,106,63,81,62,7,8,148,59,130,62,63,9,149,57,53,56,110,55,7,92,79,78,133,82,128,9,7,80,57,64,8,131,125,84,51,73,129,104,7,92,7,130,50,60,60,59,51,58,57,54,51,7,55,50,55,55,55,56,57,53,56,56,56,57,55,57,7,56,54,7,56,56,56,7,51,55,7
1,75,75,76,75,76,75,64,76,6,9,75,75,75,74,59,74,74,9,7,75,74,74,74,75,74,75,8,7,75,75,7,7,75,57,7,5,74,8,56,76,75,70,75,77,76,7,77,9,79,71,79,8,78,79,83,58,80,79,85,102,85,60,72,73,56,7,7,7,71,7,69,70,70,49,7,69,69,8,68,7,69,7,7,68,68,67,53,49,66,52
1,76,76,76,54,75,75,7,7,75,54,74,75,74,8,52,74,8,54,75,74,7,75,74,75,7,74,75,74,75,75,7,75,74,75,75,76,76,75,75,63,63,7,76,78,76,77,77,73,7,7,79,7,80,8,7,53,82,83,8,7,114,71,73,71,7,71,7,70,69,71,70,71,51,69,69,68,58,69,69,69,68,51,68,66,66,68,7,47,67,7
1,75,75,75,4,76,7,9,75,75,75,65,73,75,74,75,75,75,7,6,75,56,75,75,74,61,74,63,55,64,74,7,75,65,62,76,50,74,7,68,61,73,77,57,76,77,77,76,76,64,55,79,10,82,7,64,52,79,80,82,82,81,7,71,73,58,70,71,71,71,56,70,70,71,7,70,69,69,8,68,7,68,7,7,7,69,68,7,7,68,10
1,75,76,75,73,6,7,7,7,75,9,75,75,7,75,49,74,75,7,7,75,75,74,75,75,75,75,62,7,74,75,8,75,75,75,75,76,77,8,59,75,76,69,75,50,78,60,78,76,76,52,77,7,80,60,78,81,79,80,7,8,106,7,7,71,7,70,69,7,71,7,70,70,69,8,70,70,8,8,69,8,7,7,48,67,68,67,57,67,68,66
1,61,61,62,8,61,61,7,53,6,61,62,61,61,61,8,7,53,55,54,61,62,61,52,61,9,62,64,7,65,65,61,66,65,66,65,67,9,65,56,66,67,66,66,8,67,9,67,67,7,61,91,7,88,90,57,59,88,89,7,81,88,64,88,85,8,87,7,87,86,87,7,88,7,55,87,86,57,60,85,78,86,85,86,85,86,86,83,8,86,7
1,70,70,70,5,68,71,70,8,69,66,70,70,47,47,44,45,7,8,44,7,43,43,43,43,7,42,42,7,41,41,9,42,41,42,8,7,41,42,41,41,7,41,41,8,41,41,41,42,7,7,42,41,44,43,7,42,45,44,47,7,42,48,7,79,48,81,77,7,82,82,82,57,52,7,81,61,82,7,81,82,82,51,82,58,83,83,53,55,82,8
1,79,79,79,78,8,7,7,49,77,7,78,55,77,77,7,77,78,61,7,77,55,77,78,78,7,77,68,52,78,79,80,79,81,79,82,7,72,8,69,81,81,7,85,7,7,62,88,83,7,47,60,7,73,75,51,7,8,60,72,51,71,7,62,71,7,71,7,70,68,61,70,67,6,69,68,54,8,69,6,68,67,63,7,68,68,68,7,7,68,69
1,57,57,58,52,51,7,9,43,63,64,42,63,7,7,64,54,56,48,56,133,7,77,76,76,62,77,64,51,55,77,59,77,76,74,74,53,71,78,79,77,77,8,77,8,76,7,74,76,8,76,7,53,78,7,64,7,77,54,7,7,78,7,65,78,67,102,7,55,134,92,101,57,7,7,135,64,62,7,61,7,155,128,77,70,76,7,58,8,76,49
1,124,129,133,73,122,64,88,84,116,58,120,9,9,117,59,7,60,7,7,105,79,125,63,61,94,84,60,8,7,82,65,146,80,8,55,7,81,8,73,8,81,81,90,43,80,80,82,7,135,123,120,62,124,80,130,41,45,121,123,8,120,8,122,7,100,8,7,118,73,112,110,8,7,7,119,118,44,7,18,19,18,16,7,7,14,7,14,13,8,13
1,72,72,71,8,57,71,56,70,54,9,65,65,70,63,54,55,7,62,64,62,7,63,62,63,8,61,61,7,62,61,63,61,62,59,56,62,62,7,62,61,63,7,63,7,70,7,70,7,73,7,72,55,72,8,47,54,117,119,119,97,107,62,8,7,91,120,8,120,59,93,119,58,51,8,116,106,8,73,45,7,48,81,8,121,119,97,83,54,122,75
1,135,135,80,103,73,75,55,6,136,55,89,65,7,118,7,7,7,61,124,124,9,7,136,91,110,103,7,7,97,133,69,118,69,67,91,8,117,88,7,88,115,58,94,125,128,128,111,8,88,130,130,67,107,99,87,7,90,124,121,92,102,7,120,7,58,120,7,121,122,66,99,7,48,80,78,57,8,7,7,57,120,8,120,75,121,59,8,62,121,7
1,144,145,143,95,145,97,59,95,96,56,95,66,51,69,49,95,63,63,97,96,7,93,71,118,78,96,7,7,49,99,79,114,57,61,8,47,103,8,7,105,70,7,95,57,86,104,101,8,93,8,91,7,89,8,7,49,55,94,91,8,89,7,7,88,10,89,7,88,89,88,89,8,52,7,8,88,47,8,7,88,87,7,87,87,88,87,8,48,88,51
1,151,154,102,39,7,60,53,49,134,7,70,88,133,136,53,99,107,7,8,74,7,101,113,81,86,136,64,8,50,93,9,111,105,104,56,82,7,7,67,48,81,92,53,8,88,62,90,70,7,87,87,55,87,7,69,51,88,87,88,8,88,65,8,82,54,69,56,116,64,107,92,53,73,8,112,83,75,103,100,62,7,7,71,102,100,102,7,7,7,8
1,195,154,215,82,108,101,8,132,125,58,143,7,65,110,64,76,7,53,49,144,62,89,7,110,58,93,61,59,66,51,7,86,73,55,66,86,95,95,96,8,89,104,140,143,112,145,68,60,7,51,113,54,66,150,144,7,100,126,138,86,90,57,134,69,7,90,65,102,132,74,123,63,7,7,88,99,79,7,89,60,90,52,89,90,90,7,84,81,7,7
1,131,131,79,84,5,8,8,47,123,7,127,50,124,87,51,91,119,7,7,116,92,65,121,88,65,51,7,7,68,121,50,91,106,8,89,6,113,7,51,80,133,8,130,87,127,142,113,8,72,116,131,51,79,7,7,8,7,71,103,8,114,7,116,68,8,55,8,7,62,50,90,61,52,8,59,58,10,52,61,59,103,8,7,57,57,57,57,55,57,57
1,91,90,92,7,59,68,75,7,64,67,91,53,91,91,83,7,7,79,7,92,82,84,93,92,7,92,67,8,53,93,77,93,93,7,62,7,94,54,93,93,93,58,95,8,94,85,96,55,96,82,167,8,81,62,116,7,150,91,146,7,124,7,7,125,57,125,57,89,114,72,114,58,8,9,88,109,72,75,122,55,118,89,121,59,63,73,57,56,112,83
1,115,108,115,113,94,68,59,55,93,95,115,74,83,59,106,115,7,62,97,114,59,115,61,112,51,93,69,58,99,68,7,68,70,59,68,7,68,6,68,68,68,67,67,7,67,7,68,67,67,9,67,67,65,67,67,61,67,7,59,7,67,55,7,68,7,67,57,68,68,68,68,55,68,50,69,72,48,66,83,67,96,96,71,8,96,96,7,59,95,55
1,62,62,62,52,51,63,52,7,61,61,53,50,7,7,52,52,7,52,6,52,52,7,52,7,52,7,52,72,89,88,75,89,89,7,8,8,89,7,88,88,88,88,88,88,88,64,60,56,52,88,7,7,88,8,88,65,88,88,88,8,88,7,7,88,79,88,60,88,61,88,88,83,7,56,89,89,65,7,51,60,7,52,55,93,91,61,60,7,8,8
1,85,85,86,8,7,86,65,7,50,86,85,67,86,86,76,86,45,79,7,85,86,86,86,86,7,85,69,65,55,41,74,86,7,64,8,7,86,7,87,88,88,7,89,7,89,57,90,61,93,89,75,7,96,78,146,89,8,7,51,7,106,8,7,86,8,114,8,156,65,83,103,8,6,7,51,104,81,8,101,59,101,7,100,99,99,8,51,58,7,7
1,126,127,127,85,127,63,9,77,49,9,127,79,127,94,119,126,83,7,47,108,66,79,65,7,7,126,90,7,101,7,92,128,60,81,117,7,126,58,117,52,128,7,102,87,127,114,128,7,79,6,130,7,74,85,8,6,77,135,7,7,127,7,64,73,56,80,61,103,139,107,87,100,8,7,136,62,6,8,8,113,6,59,74,128,99,61,91,50,75,7
1,95,94,7,88,9,7,65,6,93,67,94,78,94,95,94,94,8,74,6,94,76,94,75,95,7,95,86,61,53,95,9,79,95,95,86,8,95,52,95,95,97,95,97,6,97,7,97,86,96,98,53,52,99,7,119,7,125,99,128,7,125,7,79,107,57,106,8,130,109,78,130,108,7,69,136,121,110,7,135,54,107,125,57,54,83,113,7,56,133,8
1,54,54,54,54,54,54,7,40,54,7,51,53,54,54,53,53,54,50,8,54,54,54,54,7,38,7,55,7,55,55,55,55,55,55,56,56,57,8,57,54,7,61,66,6,66,54,78,56,66,79,69,54,46,112,89,7,8,101,82,8,112,72,91,59,60,112,7,111,106,64,89,57,8,7,110,133,54,8,7,119,123,7,7,112,114,106,63,56,115,7
1,99,98,99,86,79,99,97,98,81,7,55,7,80,98,50,98,7,56,37,97,98,81,77,80,7,8,98,98,67,98,7,98,83,66,7,8,98,8,99,98,8,66,98,8,98,58,98,7,58,7,100,8,71,100,7,8,102,86,58,56,102,57,80,81,7,91,65,123,66,132,95,108,54,7,130,115,57,8,130,54,79,7,54,101,130,78,86,77,78,84
1,72,72,72,72,7,60,73,9,72,58,73,73,72,7,73,73,73,8,7,73,73,73,73,7,8,6,73,73,73,74,67,74,74,61,58,8,74,8,75,75,76,74,75,73,110,76,108,7,52,8,108,7,77,109,107,69,59,110,8,8,51,94,7,110,7,71,7,111,110,82,88,55,64,7,115,7,114,8,8,46,7,8,7,8,67,68,67,7,67,53
1,80,80,79,7,57,62,9,81,80,65,80,77,82,81,89,83,87,54,70,95,7,75,93,95,95,89,70,60,9,97,61,88,86,68,102,8,94,87,8,7,7,85,5,6,87,7,74,80,85,8,77,58,44,7,82,82,8,77,74,6,85,86,85,61,48,85,8,80,86,8,87,86,8,49,89,8,7,88,91,45,91,47,92,94,94,90,8,7,7,8
1,84,84,83,77,77,7,53,51,75,7,78,8,5,76,76,62,53,54,56,75,75,76,77,7,8,7,78,70,76,76,56,47,76,8,8,52,77,7,103,83,78,58,78,75,132,146,78,67,54,7,95,7,103,7,66,48,53,67,49,62,66,65,8,66,7,67,42,66,6,65,66,66,51,68,66,67,6,56,8,68,47,68,62,67,67,67,67,56,67,7
1,49,49,49,48,48,7,48,49,48,48,48,48,7,48,48,48,48,48,7,47,48,48,48,48,47,48,45,43,45,45,44,43,44,44,7,7,44,43,43,43,41,43,43,7,42,37,42,43,42,42,43,42,42,7,42,8,7,42,42,7,43,7,42,43,8,43,43,43,43,43,43,43,41,7,44,44,7,7,46,30,7,30,29,8,28,27,27,7,8,27
1,116,107,113,95,114,34,7,50,7,33,33,33,8,115,60,30,7,32,6,113,114,112,97,87,7,119,61,8,85,152,67,121,66,62,101,84,83,8,47,120,86,105,151,249,118,68,103,47,115,106,105,8,119,62,166,8,48,102,248,111,117,67,109,7,8,154,7,45,67,48,136,131,8,169,7,8,7,8,7,71,7,88,66,113,69,7,8,78,154,7
1,109,109,112,76,109,8,48,7,107,63,7,107,7,108,55,106,108,7,6,106,107,107,100,106,46,108,95,7,51,76,87,107,107,51,7,7,107,65,45,71,110,43,110,43,108,106,109,9,85,7,126,7,108,7,71,7,124,44,42,7,138,8,84,106,7,70,44,118,50,102,117,52,7,7,125,141,7,51,130,8,217,7,128,86,197,63,59,72,137,85
1,156,157,155,92,118,153,85,129,9,9,7,122,153,52,36,7,53,70,79,156,7,85,89,87,87,84,7,61,86,86,59,88,69,7,7,8,86,8,88,87,87,7,85,7,88,86,87,79,87,88,56,61,88,77,118,7,141,88,8,7,153,54,84,185,83,152,7,177,65,114,138,7,8,9,123,48,100,63,162,74,148,88,49,70,123,129,54,58,160,6
1,73,73,73,70,70,7,47,7,73,64,72,73,71,72,56,73,7,7,36,72,72,73,71,8,7,74,73,8,72,72,98,141,95,7,109,7,136,56,47,61,168,89,78,204,191,67,96,8,157,8,90,84,113,8,7,7,7,7,7,83,123,6,60,123,7,131,57,91,185,73,63,38,8,66,176,8,8,8,125,7,8,8,7,94,182,74,7,8,152,90
1,273,10,335,105,59,7,47,47,7,66,45,52,178,163,9,7,49,7,7,178,174,107,59,100,7,94,66,63,74,170,83,7,7,94,8,55,174,65,8,98,176,97,72,174,62,81,148,48,101,173,8,45,176,7,66,79,43,7,103,49,128,7,86,102,54,120,8,171,70,119,7,112,40,83,105,129,8,8,8,71,171,8,160,74,127,7,71,52,160,7
1,355,99,221,87,7,109,87,239,68,7,241,7,73,99,7,140,7,8,8,99,92,135,95,128,104,97,7,69,74,7,70,7,110,102,133,7,86,64,77,108,108,87,124,113,144,156,102,7,7,7,98,8,139,7,7,55,73,85,7,7,84,57,70,85,46,83,58,80,84,83,83,52,55,49,84,83,7,7,75,53,84,50,84,82,84,84,60,7,83,7
1,104,105,105,75,99,105,7,73,105,56,105,7,7,7,7,104,57,38,7,7,105,106,105,106,58,104,74,7,104,108,91,85,62,57,54,7,111,7,108,7,7,108,7,7,127,7,8,110,7,7,109,8,107,84,8,6,143,141,7,7,143,77,50,132,57,130,59,80,73,109,81,83,7,7,81,79,79,66,8,64,79,8,8,79,79,80,55,7,79,7
1,79,79,80,79,80,64,7,7,80,9,7,7,80,7,80,81,7,7,7,81,40,80,82,82,60,79,7,54,83,83,73,84,84,75,8,8,86,60,86,85,81,59,73,8,126,10,116,7,123,94,56,7,8,7,111,52,73,7,76,7,8,86,6,90,7,92,8,7,82,88,89,88,6,6,82,88,7,70,85,8,84,7,49,8,83,83,8,54,83,7
1,23,23,23,22,22,7,22,7,23,24,25,25,26,26,26,27,31,141,48,110,8,41,108,110,38,41,40,42,41,41,40,42,41,42,7,6,42,42,41,7,41,42,41,39,105,7,59,44,44,82,104,70,41,7,62,49,105,105,77,59,99,7,8,107,7,107,61,106,48,106,72,109,7,69,108,106,61,77,109,7,8,7,109,108,109,81,63,8,117,8
1,105,105,98,8,106,88,56,106,94,7,105,52,117,9,7,82,7,103,52,93,7,164,121,56,56,116,57,60,63,81,67,104,122,90,7,7,158,9,90,100,201,153,85,217,102,219,97,61,83,237,64,7,83,8,66,7,89,142,105,8,60,63,126,8,7,171,60,40,38,160,68,121,10,39,153,87,65,7,251,62,76,102,243,7,91,51,59,57,251,7
1,104,104,80,92,90,7,7,106,97,105,103,109,127,149,68,83,7,49,60,141,155,90,61,86,99,106,80,89,7,75,7,88,88,7,7,7,90,7,87,88,88,88,75,8,90,8,7,90,91,8,91,7,72,90,85,90,48,90,42,7,89,8,8,89,7,80,39,75,78,56,76,76,61,7,76,74,79,60,78,7,52,68,77,71,74,76,64,7,75,7
1,260,104,104,78,104,91,53,108,108,7,156,82,58,211,7,133,9,50,7,104,51,54,54,8,52,54,54,51,54,53,52,7,52,51,8,52,52,7,52,52,7,53,7,7,54,54,6,49,55,51,55,8,55,55,55,52,55,54,54,6,7,55,8,42,38,42,53,54,53,53,54,55,37,36,55,56,7,57,73,43,58,46,38,74,73,67,48,72,73,65
1,241,243,241,89,44,65,99,47,75,7,206,7,69,51,7,48,66,55,59,133,70,100,87,79,83,122,63,68,9,88,46,96,103,7,52,7,238,7,57,7,43,63,44,7,97,7,7,123,238,120,63,8,116,93,88,78,70,182,129,46,87,42,204,105,45,117,73,148,87,51,63,62,45,178,72,62,7,52,53,43,6,32,91,122,124,93,67,47,7,7
1,263,261,262,89,59,56,7,7,9,63,105,49,234,142,9,8,7,127,8,131,8,129,161,81,89,117,76,61,56,204,9,146,102,60,95,142,69,7,8,201,86,82,127,7,162,104,147,7,136,51,60,73,7,110,108,73,92,152,154,56,92,77,6,134,7,172,7,135,59,74,103,110,61,172,102,83,87,7,136,7,139,8,7,137,135,101,7,71,132,8
1,137,140,139,84,80,99,9,7,113,94,139,94,88,140,7,7,48,117,84,139,7,138,101,94,137,139,57,7,81,105,8,112,114,8,7,55,93,65,78,113,113,58,115,63,111,111,113,7,57,7,76,8,107,92,92,7,104,113,78,7,112,7,74,102,8,104,8,80,86,89,94,101,53,103,102,99,7,91,7,78,101,6,102,91,101,47,8,88,102,84
1,53,55,55,53,59,60,58,9,56,7,57,56,7,56,56,56,53,57,8,56,57,124,58,58,51,111,7,105,105,106,7,162,60,7,91,164,7,7,87,160,98,81,91,90,93,7,89,7,89,89,60,7,53,7,50,8,8,7,8,50,49,7,9,49,7,49,48,48,48,48,48,48,47,41,47,48,8,48,7,47,48,8,7,47,48,48,48,47,48,48
1,135,135,135,81,121,92,65,92,135,82,7,52,90,88,55,90,91,58,7,90,75,90,90,90,8,89,89,64,60,89,88,88,65,67,89,89,89,65,7,8,47,51,89,8,88,7,42,89,65,89,89,8,89,7,89,8,81,89,8,7,89,52,7,85,8,90,8,48,8,86,89,86,57,8,90,75,7,74,95,8,84,71,64,89,84,76,65,61,88,71
1,100,100,100,101,8,7,55,7,96,7,7,53,8,99,82,53,7,74,8,99,94,89,99,86,8,98,77,59,56,83,58,90,84,8,54,6,85,79,64,77,97,7,99,8,101,7,100,50,59,59,100,7,7,122,104,7,102,108,151,86,70,54,60,7,7,57,56,54,53,8,55,53,8,54,53,53,7,52,7,53,53,7,8,53,8,52,8,51,52,52
1,100,100,101,79,67,76,8,45,101,52,98,69,9,100,57,55,7,52,8,99,99,99,7,99,86,99,68,68,7,99,64,99,54,79,99,7,99,8,63,83,98,49,7,9,101,7,7,99,99,51,88,7,8,84,8,83,52,7,97,7,93,65,7,103,7,63,60,155,62,62,60,61,60,56,59,60,59,55,60,8,59,7,42,59,59,59,43,59,59,59
1,101,101,196,89,7,88,56,59,97,9,80,52,56,7,98,99,98,58,61,99,86,98,98,7,74,99,98,7,71,78,64,98,57,7,99,8,99,7,86,87,10,64,99,58,100,7,81,63,100,7,84,8,100,102,86,60,85,105,106,7,128,8,75,101,7,62,7,63,61,8,60,61,7,6,60,60,8,59,60,58,59,6,44,59,8,59,59,48,59,59
1,202,95,95,94,79,89,7,63,93,7,94,53,78,94,55,93,92,7,9,91,92,91,85,92,8,91,92,92,91,91,7,91,92,80,7,7,91,8,91,68,91,92,91,8,92,7,7,91,91,8,85,6,8,6,8,72,88,93,7,58,93,58,7,95,7,94,57,91,95,88,86,7,58,7,74,69,9,8,73,72,70,7,67,66,66,67,61,7,8,66
1,119,117,214,7,141,116,7,112,116,58,52,95,107,111,78,112,8,64,83,110,112,112,64,110,61,103,8,7,113,110,57,8,109,87,7,7,101,7,111,8,112,7,68,7,8,8,8,7,7,8,8,7,111,8,117,8,72,111,8,7,7,8,8,72,7,7,73,71,7,50,70,68,68,45,69,6,69,51,8,68,60,67,44,8,67,46,67,67,68,8
1,96,96,95,87,42,96,71,95,95,9,50,53,9,83,96,53,7,62,7,96,97,54,96,52,7,6,96,10,7,63,96,97,76,85,101,6,100,80,7,52,7,59,7,7,103,99,64,122,7,7,61,46,62,46,59,62,58,59,54,7,8,49,59,58,7,58,58,55,56,58,57,58,57,7,58,57,8,57,8,7,49,57,7,58,58,58,52,6,58,49
1,98,98,98,0,7,54,63,7,97,79,90,78,64,97,81,97,59,66,7,97,67,97,67,96,93,91,98,63,72,97,62,7,60,77,7,6,96,55,61,98,77,56,97,97,98,99,98,62,61,8,84,50,84,85,83,8,84,85,7,8,82,55,71,79,7,78,8,78,77,76,77,56,8,7,77,77,7,7,8,76,77,50,77,76,76,8,8,7,6,74
1,8,91,92,7,79,120,60,118,118,7,84,54,86,93,7,48,7,116,54,115,83,115,78,145,106,108,63,65,94,129,69,123,103,8,7,7,114,7,130,154,68,76,63,6,77,7,126,63,100,158,142,8,87,7,126,52,137,132,126,116,112,8,66,100,8,111,10,109,106,109,104,56,7,81,110,7,51,68,7,7,7,107,52,104,111,7,58,58,112,8
1,180,180,189,105,182,127,7,8,129,58,48,84,85,147,54,114,125,45,149,150,68,77,54,109,7,165,80,65,79,104,8,155,71,6,69,86,154,7,64,83,141,56,8,9,73,7,145,109,142,89,7,8,100,70,83,8,106,108,86,8,100,60,7,102,7,75,95,120,54,123,104,103,51,61,124,68,7,50,101,50,102,69,112,124,96,103,8,8,113,8
1,129,131,127,73,81,7,66,48,133,68,7,7,7,99,53,98,7,8,57,99,121,119,116,88,8,119,78,55,86,84,65,99,86,56,85,7,110,111,8,90,125,69,124,127,64,98,103,69,106,7,68,54,97,7,82,49,102,83,102,65,100,63,54,80,6,99,59,7,99,8,70,99,7,87,99,55,8,62,100,8,8,7,83,100,100,59,8,50,69,7
1,89,89,88,6,68,9,9,89,74,7,89,83,88,89,81,88,8,7,58,90,90,90,88,91,8,91,61,7,91,76,67,84,66,8,61,8,91,53,107,64,99,9,78,9,94,61,144,8,108,143,7,62,148,142,72,63,79,8,71,6,8,70,64,73,7,117,7,205,7,96,124,65,7,108,150,61,68,7,52,60,52,62,46,213,98,87,9,90,153,49
1,51,52,51,7,52,8,51,52,51,8,51,51,53,52,7,53,52,7,82,125,52,8,90,125,78,101,54,66,59,126,8,124,125,8,51,8,108,63,102,99,57,8,135,8,131,73,58,54,134,138,136,6,113,70,8,52,79,80,63,7,134,8,56,125,79,123,8,136,6,137,51,114,7,54,135,95,9,50,7,9,136,50,7,173,125,7,8,59,137,9
1,61,61,61,61,51,37,9,7,61,47,49,61,49,60,61,61,52,7,50,60,61,60,61,61,53,61,61,7,61,61,59,61,60,61,60,7,63,8,58,62,62,7,64,58,64,65,64,56,64,53,60,8,8,54,8,8,65,68,66,8,70,8,100,82,8,107,6,119,116,100,102,101,55,100,107,61,8,49,101,8,101,7,8,101,100,7,81,81,8,70
1,65,65,66,65,7,54,65,7,49,64,64,44,7,64,8,64,7,64,6,65,64,64,64,59,7,7,58,57,59,59,57,60,58,57,60,8,59,7,57,60,70,7,55,9,71,8,71,7,104,118,119,81,114,8,125,52,134,54,151,8,72,70,7,55,49,70,7,67,69,59,68,69,8,6,61,8,8,66,66,8,7,66,8,7,7,8,64,8,65,8
1,68,68,68,67,8,68,7,7,68,7,50,67,7,68,54,69,56,68,71,69,63,57,71,59,58,57,58,7,56,57,56,57,56,56,8,7,57,8,102,57,53,58,113,7,66,67,7,67,64,9,62,48,63,62,62,49,8,62,62,7,8,62,7,62,61,62,61,62,61,60,61,61,53,9,62,61,54,7,8,61,61,58,62,8,61,62,57,7,61,7
1,68,68,68,66,68,68,7,48,65,68,67,68,68,68,7,68,56,56,53,57,57,54,58,51,52,57,56,57,55,56,56,57,57,57,7,8,57,8,59,58,6,8,7,51,69,64,66,56,66,58,65,7,62,63,53,62,7,8,62,54,63,59,51,62,8,8,62,62,61,61,61,61,62,8,61,61,7,61,61,61,61,59,61,61,61,8,7,8,62,8
1,64,64,64,8,63,8,9,52,56,7,65,65,7,65,64,7,62,62,8,63,64,63,64,65,61,64,64,7,65,65,64,50,65,62,53,6,60,6,51,7,59,7,59,7,60,53,7,8,59,60,60,7,7,60,49,60,60,59,8,7,8,7,50,58,7,60,54,8,60,60,58,61,7,50,60,60,57,8,65,47,68,7,8,8,69,71,70,68,68,7
1,63,63,63,63,9,64,7,7,64,53,65,7,65,65,7,7,51,54,62,63,64,64,64,7,7,7,65,8,65,65,65,65,8,7,53,56,59,8,8,58,8,58,50,7,58,57,57,59,59,58,58,8,58,59,57,51,7,8,9,58,59,7,51,57,55,58,57,58,55,55,8,59,61,8,58,73,73,8,7,61,71,51,45,61,8,71,8,8,8,8
1,65,65,65,64,61,64,7,7,65,64,64,56,64,64,7,64,7,51,55,65,65,65,65,65,57,65,65,7,65,66,62,65,65,57,57,66,60,8,7,61,7,60,8,40,60,59,61,59,7,59,8,48,59,61,8,60,7,59,58,7,8,66,50,61,67,60,57,74,51,61,73,57,59,58,71,61,71,6,48,8,8,69,6,71,8,69,8,8,8,8
1,75,75,75,7,72,74,74,7,73,7,75,75,75,74,77,74,78,76,6,78,7,78,74,78,78,78,57,54,77,81,7,81,8,85,7,43,84,7,82,82,8,83,150,173,80,59,104,7,141,52,53,7,50,7,7,50,50,50,7,50,50,50,8,50,50,50,50,50,49,7,8,50,49,50,50,49,50,50,6,50,50,48,49,50,8,8,8,8,8,8
1,41,41,41,41,41,40,7,7,41,41,42,41,7,41,41,42,8,42,42,42,43,42,7,7,43,43,43,7,43,44,46,45,59,58,7,8,60,60,60,8,7,73,139,8,138,8,166,55,99,143,170,55,132,106,129,59,128,125,9,8,124,7,7,100,55,8,79,51,127,7,119,128,7,75,127,82,7,49,53,49,53,8,7,49,50,50,50,49,50,8
1,41,41,9,7,7,7,41,8,7,6,41,7,8,42,42,42,43,43,6,44,45,43,99,8,43,56,56,7,62,62,59,58,57,58,6,44,57,61,72,7,7,8,59,52,61,7,8,60,61,55,8,8,8,113,52,8,7,64,47,8,126,8,7,79,8,79,8,8,50,52,7,8,78,6,52,51,9,49,7,8,6,48,49,50,49,8,45,7,47,8
1,111,112,90,7,7,7,66,102,110,100,111,7,54,95,8,111,7,7,55,111,68,62,52,111,10,106,82,6,54,111,7,79,110,63,7,52,112,62,8,7,72,56,70,6,71,7,71,70,8,8,8,7,71,70,8,54,70,70,69,7,8,64,52,69,8,69,8,68,69,68,69,69,69,53,69,8,57,69,48,69,8,51,8,8,8,8,51,8,46,8
1,114,112,112,49,66,80,49,7,67,75,7,105,86,95,57,117,56,54,58,85,77,137,134,135,7,138,81,7,85,135,7,8,136,132,131,87,103,58,106,83,137,98,53,7,136,65,134,82,7,56,109,8,59,120,134,6,7,8,66,7,137,7,66,106,55,105,7,108,59,7,100,78,8,57,93,59,60,7,57,8,44,8,8,89,8,87,87,73,86,60
1,73,72,72,72,8,8,72,7,72,72,73,73,73,73,7,59,58,8,8,8,8,73,73,64,74,74,62,74,74,8,55,7,75,75,54,7,75,8,78,77,81,154,136,7,8,47,48,129,101,126,9,8,142,137,56,74,155,138,7,7,131,9,8,131,56,8,6,6,6,8,6,7,6,48,88,128,67,51,142,8,8,7,77,164,165,8,6,55,66,60
1,73,72,73,72,72,72,7,7,7,48,72,66,73,72,54,51,8,73,7,73,73,74,73,60,6,7,74,74,8,75,74,76,74,8,75,8,75,7,76,79,8,6,8,6,112,53,7,88,7,90,141,7,111,7,54,8,8,107,103,7,8,51,7,104,7,6,71,8,54,95,104,8,72,47,106,128,62,6,103,53,8,73,86,127,124,72,8,53,102,7
1,49,48,48,48,39,48,7,50,48,48,49,50,48,50,50,49,7,51,51,48,49,51,50,52,8,54,56,103,60,103,7,102,103,83,51,76,103,8,103,74,105,67,7,8,8,58,6,8,76,81,105,6,103,114,107,7,106,7,53,8,104,6,8,8,7,7,8,8,101,8,8,6,43,51,51,52,49,50,6,50,51,50,49,51,8,50,7,8,8,8
1,78,78,77,76,7,59,77,77,76,76,76,59,7,78,7,77,53,7,77,78,79,79,79,50,8,6,102,8,82,128,65,99,6,100,101,100,90,7,86,100,101,6,8,6,127,6,97,10,68,94,98,73,97,7,81,8,8,8,7,78,97,8,8,95,7,98,8,97,97,96,94,124,8,8,128,8,7,8,91,8,7,8,65,91,91,90,62,49,90,52
1,72,72,73,5,72,7,57,50,72,7,73,72,7,7,60,73,7,73,53,74,76,74,75,8,53,76,76,76,80,89,63,96,92,7,94,51,97,59,81,99,109,8,71,53,121,77,122,88,86,90,7,50,157,83,87,7,89,89,87,7,89,70,7,87,54,116,70,129,7,9,124,121,55,7,125,278,6,7,8,88,7,57,8,87,85,8,83,81,85,81
1,126,127,129,82,35,7,56,7,122,105,127,63,125,80,8,116,7,59,59,123,60,126,121,82,7,122,68,77,8,124,93,117,60,7,8,7,116,7,122,98,79,7,120,85,88,7,103,57,8,48,103,75,102,103,7,72,81,97,8,6,8,8,8,95,96,96,59,8,63,95,95,95,8,77,93,92,7,44,8,44,8,47,93,94,94,94,8,8,8,47
1,131,128,131,81,7,78,7,52,119,51,7,60,75,125,89,58,10,7,8,98,121,101,64,122,7,8,123,81,106,44,8,126,106,64,64,65,119,85,124,68,79,87,104,126,92,121,123,7,8,8,123,7,114,8,123,8,7,130,82,55,118,51,60,8,8,60,8,59,60,8,60,59,8,6,54,53,37,52,52,8,38,34,34,37,38,8,8,8,8,36
1,109,109,106,102,7,78,52,54,101,65,59,95,7,102,7,84,8,54,6,99,69,99,99,8,66,100,76,100,58,68,67,100,100,69,7,7,98,81,85,79,99,58,57,99,99,7,76,63,9,65,7,7,100,80,52,7,8,98,8,8,8,8,8,94,7,94,79,93,7,8,8,92,7,8,93,90,9,8,8,49,6,38,50,51,90,8,8,8,54,8
1,63,63,63,62,62,61,63,9,63,63,63,63,8,63,54,63,7,63,7,64,7,7,8,52,64,42,64,65,66,73,7,72,72,7,7,6,73,82,121,55,141,59,108,7,120,6,119,8,7,47,115,7,8,118,100,7,8,117,117,54,116,61,95,116,8,114,7,118,73,115,56,116,6,8,116,111,6,56,7,85,117,6,8,119,116,53,52,7,8,7
1,61,61,61,61,61,61,61,61,61,49,7,61,61,61,60,61,7,8,7,62,47,7,62,51,62,7,61,62,62,62,7,62,63,63,63,63,63,64,7,64,65,62,64,7,8,63,57,8,49,66,72,7,7,8,72,8,46,119,92,9,111,67,119,62,6,117,8,116,80,114,8,113,62,115,114,76,6,8,8,64,7,8,47,93,115,59,7,6,112,6
1,74,74,75,61,7,7,73,62,62,7,45,61,61,60,60,7,48,60,6,60,59,60,60,7,55,61,59,61,57,59,59,7,60,59,59,8,60,48,59,60,61,7,53,7,62,63,62,61,61,44,8,7,8,8,8,64,7,65,8,8,8,70,7,73,48,75,7,8,8,8,121,119,8,68,122,120,76,6,6,52,125,8,121,8,75,77,51,55,75,8
1,82,82,83,82,64,7,44,62,82,10,48,73,81,8,47,62,62,83,83,83,65,84,84,7,64,7,83,83,8,87,65,85,53,86,113,64,112,8,75,8,58,95,77,7,76,7,75,8,7,76,76,8,76,7,77,8,9,76,77,7,8,8,8,76,8,79,8,8,60,8,169,8,90,91,166,8,7,59,8,8,6,8,8,8,167,8,8,8,8,73
1,95,95,96,74,94,55,7,7,94,7,50,94,7,55,76,60,62,7,8,93,93,93,7,7,53,41,92,93,91,93,70,93,93,72,92,8,93,8,92,92,92,7,93,93,93,61,93,7,8,7,8,76,95,94,94,8,7,93,93,50,93,7,50,95,7,94,59,99,52,87,8,8,8,45,85,8,74,86,75,6,92,7,51,83,87,7,86,8,182,6
1,59,59,59,59,57,58,59,7,59,49,58,59,58,59,53,90,7,7,6,90,86,91,90,90,6,90,83,8,89,91,74,8,90,89,52,7,90,7,93,95,101,7,97,7,86,7,7,140,50,75,120,67,103,67,61,65,145,8,7,6,8,110,8,143,8,142,8,49,55,142,144,54,91,84,142,57,7,54,144,58,144,8,145,8,8,132,8,90,8,8
1,60,60,60,59,60,59,8,7,61,49,7,61,7,62,65,65,55,50,7,88,8,90,90,8,75,91,91,90,60,92,62,93,91,62,9,7,98,7,92,8,7,8,8,7,8,94,8,93,8,8,8,8,6,91,8,8,8,91,93,71,7,53,91,90,9,92,82,92,7,8,77,92,8,7,91,8,8,93,126,51,149,8,7,93,136,8,75,50,8,6
1,91,90,74,84,7,54,7,8,83,53,83,71,88,89,56,62,7,60,53,62,61,63,8,63,54,7,63,8,64,65,63,50,64,59,7,7,63,7,65,68,6,8,51,7,8,88,7,8,65,46,89,8,89,90,89,8,65,8,84,7,8,91,8,8,8,7,8,62,83,54,93,8,92,8,97,95,7,49,127,8,6,74,83,126,8,70,8,56,8,48
1,78,78,79,78,78,79,8,79,79,61,79,60,79,79,67,79,7,75,48,79,79,79,51,80,47,63,80,49,81,81,78,80,80,7,74,7,81,7,8,78,54,54,81,7,80,7,82,64,8,83,8,8,90,56,233,58,107,138,139,8,8,8,8,119,7,110,7,121,8,7,64,124,8,7,127,8,8,46,8,99,141,8,6,62,56,8,8,8,61,57
1,72,73,72,72,72,71,54,6,58,59,73,72,7,7,73,72,8,9,49,76,7,57,75,7,8,7,102,8,81,103,97,102,103,61,7,7,80,50,80,105,105,7,85,51,106,8,65,96,108,8,89,8,8,8,63,7,50,97,67,50,95,8,86,81,7,8,49,69,8,53,94,87,68,75,8,7,6,95,95,6,96,62,7,95,8,85,95,46,8,6
1,62,61,61,60,7,8,61,8,59,8,60,59,55,59,55,59,55,50,60,8,8,8,60,8,8,6,60,8,7,8,60,61,60,8,9,6,62,64,63,8,8,8,64,52,89,6,8,50,8,6,8,8,8,64,88,7,50,89,89,7,8,8,46,91,6,93,54,94,96,99,8,8,8,6,8,8,106,64,103,7,8,7,8,8,6,73,79,9,73,8
1,57,57,56,56,56,55,54,7,56,55,54,55,8,55,55,8,55,53,8,55,55,56,55,7,7,55,55,55,56,55,55,6,55,55,9,41,55,55,8,8,7,8,8,55,55,56,8,8,8,7,56,55,8,56,56,55,56,57,57,7,58,8,84,8,6,121,86,89,60,8,8,91,64,49,145,94,7,6,46,8,7,6,76,8,144,8,8,7,6,8
1,97,97,97,79,7,54,75,50,82,7,62,78,51,78,57,71,54,72,6,70,50,70,70,8,8,54,70,56,69,69,61,68,68,8,7,54,68,56,68,8,68,7,8,53,8,8,48,8,8,7,69,8,8,67,7,7,8,46,7,8,68,69,6,69,7,69,7,49,8,8,8,7,69,70,8,8,6,71,7,70,7,8,71,71,8,8,61,8,86,7
1,54,54,54,54,54,6,7,8,54,53,54,54,54,7,55,55,54,55,65,56,56,57,57,8,54,68,56,69,64,70,7,6,8,8,8,7,98,58,70,97,67,7,98,8,8,45,98,8,8,7,8,7,6,8,8,86,7,96,59,62,100,8,8,102,7,101,7,61,8,8,102,109,8,8,108,113,52,8,42,8,7,51,89,8,8,8,8,71,107,54
1,108,108,108,95,88,75,7,7,108,56,52,76,96,108,7,8,49,8,7,8,6,8,108,7,52,109,73,109,110,110,73,108,8,60,7,62,8,77,8,8,7,111,8,8,6,8,8,110,8,73,110,9,8,72,8,112,50,118,6,6,8,65,123,93,7,8,7,6,7,8,148,8,6,8,110,8,8,8,64,62,145,8,53,8,8,7,7,7,54,8
1,99,99,98,87,102,61,8,60,98,81,98,7,8,7,96,97,8,99,49,98,8,8,99,56,8,7,83,6,98,66,63,99,98,53,8,55,80,7,8,80,53,8,76,7,8,8,8,8,6,8,79,8,46,77,78,73,79,77,79,66,8,77,6,8,8,8,8,79,8,8,78,79,78,6,8,8,6,79,8,8,6,8,80,79,80,59,8,8,80,7
1,177,179,110,7,92,7,7,7,150,53,179,7,58,118,54,7,8,80,7,176,167,118,67,141,68,95,8,61,8,117,71,106,169,7,54,50,149,172,60,8,171,149,101,171,88,7,167,61,8,8,8,77,8,8,156,57,135,175,173,96,85,7,8,124,8,8,100,8,139,183,54,59,7,88,8,133,7,74,146,7,8,8,8,8,8,7,8,61,170,106
1,178,177,115,7,8,7,7,7,8,7,8,8,7,8,124,155,7,7,6,8,8,163,8,8,8,7,7,8,7,142,166,166,62,7,8,49,164,8,8,8,7,8,8,8,8,8,8,8,8,7,125,6,72,138,124,8,157,6,73,7,8,99,7,8,60,99,8,51,8,53,8,6,44,7,8,167,8,8,95,53,7,7,7,116,8,8,8,6,8,8
1,163,162,164,7,8,58,94,8,8,8,8,8,7,8,7,100,7,8,52,7,7,7,7,7,8,7,8,51,130,8,115,8,8,146,8,54,165,7,71,8,8,8,49,57,7,8,87,149,8,59,8,6,139,8,52,7,49,8,7,8,9,163,7,8,8,8,138,8,49,8,113,8,8,7,158,8,50,113,8,6,7,6,6,67,8,8,8,6,150,8
1,151,150,149,87,7,7,53,53,92,64,103,59,10,144,53,8,7,83,77,144,10,146,8,147,8,145,61,7,143,8,58,8,151,88,7,53,149,60,7,8,6,94,51,7,120,7,58,80,145,8,8,8,8,54,8,144,8,118,8,7,8,151,8,157,8,154,7,143,55,91,8,8,7,6,8,7,7,6,8,8,44,8,141,8,134,8,8,6,8,8
1,95,95,96,83,95,61,7,8,81,8,55,98,53,69,6,51,7,69,97,105,82,100,99,90,59,77,64,100,83,94,8,7,125,106,9,6,7,52,130,124,124,8,81,8,8,7,8,7,6,7,8,83,104,54,88,8,167,8,8,6,65,91,7,166,6,174,7,170,8,52,78,170,8,50,8,169,8,8,8,68,6,8,48,119,112,52,75,52,150,8
1,108,98,108,82,7,57,88,55,90,60,67,8,67,48,7,89,7,8,7,8,82,87,88,87,7,9,88,6,88,87,7,8,87,57,7,7,8,7,88,8,8,87,8,54,8,8,7,8,52,7,89,6,67,6,8,7,7,8,8,66,88,8,9,114,8,6,8,8,8,109,8,6,51,6,89,161,8,8,8,8,6,8,8,91,88,90,91,57,8,7
1,8,8,7,9,8,7,114,7,115,54,113,7,7,8,50,115,8,69,68,113,7,7,8,8,111,57,8,61,8,8,95,107,116,7,6,7,116,7,77,8,8,56,76,8,8,8,8,76,7,75,74,8,8,8,7,73,46,8,6,8,7,74,7,73,74,8,8,6,73,73,75,74,9,6,8,75,7,7,7,73,7,68,8,8,75,8,8,8,8,74
1,118,119,120,97,8,7,103,65,107,6,118,7,80,118,7,8,55,72,64,115,63,89,82,94,8,8,116,116,65,113,8,114,72,69,60,6,94,56,97,8,7,77,6,55,96,8,8,93,8,7,93,48,8,94,7,8,73,94,56,7,8,69,7,94,49,94,53,94,94,94,8,94,8,6,93,8,57,8,8,93,7,46,55,94,8,95,53,8,8,8
1,123,121,79,7,62,50,71,7,121,7,8,122,120,87,7,52,8,101,86,98,92,104,92,7,61,54,7,56,105,8,85,7,68,84,7,73,93,8,8,8,68,8,96,8,92,54,8,8,100,6,91,6,8,59,101,95,95,6,85,7,142,8,6,129,8,106,53,6,8,61,131,8,57,64,8,6,7,105,8,117,8,8,53,8,8,8,6,88,8,8
1,89,89,90,88,7,7,7,7,75,7,88,89,7,90,7,89,7,8,8,89,89,89,89,7,8,7,89,8,88,87,86,89,90,7,76,52,90,55,55,75,92,56,8,6,8,8,49,91,8,91,8,57,9,100,8,7,7,100,8,81,100,8,7,8,8,80,8,57,92,100,8,8,8,8,98,8,8,8,8,8,74,98,51,8,100,8,8,6,78,8
1,72,72,72,43,72,72,70,7,72,71,72,8,8,72,7,72,7,73,73,73,72,73,74,7,59,8,68,7,73,74,76,76,73,60,9,8,73,8,57,94,68,66,61,9,93,53,7,94,94,56,93,8,87,8,94,65,95,55,94,6,94,57,7,99,6,101,59,104,96,157,94,90,7,6,102,67,7,8,67,50,64,8,8,8,63,63,62,7,63,63
1,47,47,47,47,7,46,47,47,46,47,48,49,8,50,49,8,7,70,8,71,71,71,50,7,48,7,68,7,70,70,69,70,69,7,7,7,70,49,69,61,7,65,47,7,72,55,8,72,53,7,73,47,77,74,67,7,75,77,80,51,50,8,6,53,51,6,50,6,46,9,51,50,50,45,51,51,9,50,50,8,8,8,8,8,51,8,8,44,8,7
1,48,48,48,48,7,7,47,48,49,48,48,47,50,69,56,8,7,52,7,8,68,6,70,60,8,8,68,8,68,69,68,68,69,66,51,7,69,68,69,68,7,49,70,8,70,49,72,72,72,49,73,8,52,55,53,52,51,50,50,7,52,8,6,52,51,52,8,8,53,8,52,52,54,44,8,8,6,127,121,49,141,7,7,8,53,61,52,54,76,7
1,45,45,45,45,42,44,45,7,45,44,45,45,45,45,7,45,45,45,7,46,46,46,46,7,47,45,46,7,48,47,45,7,45,46,41,7,46,8,46,46,8,6,8,6,8,103,7,8,8,41,67,60,125,68,112,6,8,8,51,7,124,54,129,8,7,8,73,123,8,8,133,124,7,72,124,7,9,66,117,6,8,9,8,104,78,78,53,70,78,7
1,42,42,43,43,7,7,43,43,42,43,7,43,43,43,44,44,44,43,45,44,7,7,8,43,46,7,47,7,8,7,121,7,119,100,65,7,118,9,8,47,84,7,118,7,8,55,46,8,8,79,75,7,8,88,122,8,8,104,8,6,123,7,37,8,8,6,8,8,87,128,8,8,8,7,138,8,8,9,8,8,8,8,8,8,6,8,74,7,72,7
1,69,70,70,7,8,60,60,6,67,40,68,69,68,50,43,69,7,68,7,69,70,70,70,8,9,7,69,6,8,6,7,7,8,8,60,7,70,48,8,8,68,70,8,7,8,8,71,71,8,8,70,8,98,100,100,8,8,8,6,8,7,99,7,100,67,98,8,93,51,99,85,99,8,67,8,98,7,8,92,8,46,8,8,100,103,8,8,8,112,6
1,26,25,20,19,8,7,8,6,31,31,8,30,30,30,30,30,30,31,8,30,31,30,30,31,8,8,30,8,6,8,31,8,31,6,30,31,32,33,32,33,8,8,34,6,8,71,37,72,7,7,72,8,8,8,6,46,7,71,8,8,81,51,76,8,60,8,8,6,8,8,100,128,8,8,119,8,71,8,8,8,6,8,116,8,8,7,6,49,121,8
1,89,89,89,7,6,7,89,58,90,8,69,90,90,90,7,7,70,89,8,8,91,8,8,7,90,94,90,6,94,8,56,8,90,111,6,76,86,8,8,86,7,8,8,8,8,8,8,8,6,6,8,8,8,8,52,8,7,8,8,8,8,8,51,51,50,51,7,51,50,50,8,7,8,7,51,7,7,8,9,8,7,7,7,8,7,8,51,8,51,6
1,142,140,141,105,99,9,7,6,124,127,134,65,78,118,7,8,54,58,7,117,8,8,8,7,8,7,96,7,7,7,7,8,8,6,7,6,8,7,8,7,7,7,8,48,7,8,7,8,7,8,8,8,7,8,8,51,7,7,8,8,116,8,8,117,7,8,8,8,53,7,8,7,7,7,8,99,118,8,8,8,6,116,68,6,8,7,6,8,8,8
1,75,75,75,6,75,8,8,42,74,43,46,74,7,70,64,75,8,76,63,121,81,119,80,76,8,6,8,7,7,7,7,52,112,101,115,6,63,100,63,67,127,97,8,6,116,7,99,128,7,8,133,6,8,70,81,8,93,128,8,6,8,54,7,8,49,7,62,6,8,61,61,8,61,8,60,8,59,60,6,60,60,61,45,8,8,60,8,6,60,8
1,65,66,66,66,8,58,60,65,66,7,66,66,66,66,8,7,58,66,6,66,66,6,66,66,7,8,66,8,6,8,67,67,56,67,63,49,68,8,68,68,69,7,46,6,109,8,119,9,8,8,115,7,107,116,68,6,8,8,8,8,8,8,6,106,58,121,7,8,8,54,116,108,52,91,105,70,97,54,122,7,109,63,7,159,96,86,7,57,123,8
1,7,6,6,6,6,7,117,7,8,7,8,93,8,66,62,59,56,51,6,120,6,116,110,116,7,129,64,7,51,125,9,6,123,98,9,8,113,8,75,128,113,93,118,8,116,8,7,128,11,54,128,61,8,53,95,51,104,104,7,6,8,8,52,101,53,8,8,8,8,65,8,101,9,8,86,101,6,60,7,83,7,6,8,100,98,7,87,50,88,56
1,10,7,180,7,7,8,47,67,103,81,104,93,92,127,7,115,87,69,62,125,77,116,91,118,88,108,7,51,109,126,8,70,103,84,89,111,8,8,8,101,117,7,80,82,115,6,6,116,7,6,8,52,136,8,93,7,6,8,6,8,8,88,51,93,7,98,7,8,93,8,8,93,55,7,91,91,8,93,92,6,91,52,91,82,8,8,85,9,92,80
1,8,5,5,7,7,60,117,8,30,8,7,33,31,110,55,117,30,32,8,8,112,53,109,118,119,105,8,98,6,108,95,105,8,85,103,56,109,70,118,60,56,64,57,7,114,63,110,7,8,6,8,8,6,8,8,109,6,115,130,7,8,7,7,124,77,97,8,8,6,117,87,162,8,8,8,6,7,103,8,96,156,7,7,8,94,163,7,67,7,8
1,9,48,49,9,5,8,45,8,49,48,49,49,7,48,8,48,8,48,6,49,49,48,49,49,8,53,50,7,8,6,51,155,92,50,90,7,95,8,106,8,8,8,8,8,124,8,141,8,8,8,233,88,128,8,59,63,142,212,132,95,8,99,8,92,7,126,7,8,6,8,125,104,56,73,125,86,9,6,124,7,8,7,8,122,106,91,105,6,8,8
0,60,60,59,59,7,8,8,53,60,60,59,52,59,59,60,59,58,7,7,60,54,60,7,59,7,7,60,60,60,60,55,7,60,60,58,52,60,6,60,62,62,51,62,7,62,57,63,7,6,78,72,50,84,8,63,7,77,67,7,7,7,71,52,81,7,82,7,84,8,87,57,87,7,80,94,85,7,7,53,97,8,75,7,95,119,7,8,7,113,7
0,163,163,162,7,51,72,143,118,162,7,57,7,7,7,81,51,59,116,7,104,7,165,156,66,124,113,7,54,71,107,63,97,133,8,135,8,111,131,65,91,75,52,113,8,152,56,94,7,136,7,7,83,77,68,7,58,53,104,8,8,6,7,7,91,8,8,7,90,70,75,8,7,54,68,8,74,8,63,7,68,79,54,6,7,75,7,73,7,8,7
0,110,109,109,96,76,84,61,96,110,61,7,54,101,7,81,109,66,8,49,101,95,103,109,52,10,7,104,54,91,82,59,111,70,7,57,7,112,92,8,89,111,8,113,57,7,7,113,7,87,8,107,8,110,113,8,8,8,8,8,47,112,106,8,7,7,8,94,106,8,165,57,7,57,8,73,8,7,53,222,7,57,8,52,8,8,7,8,8,8,8
0,357,357,71,86,7,62,114,217,153,7,91,7,8,80,62,76,7,7,50,8,132,96,105,83,83,65,81,7,177,129,8,287,8,8,8,7,156,59,8,86,193,7,111,8,217,237,8,70,8,85,8,8,74,173,128,7,8,166,8,6,6,55,8,57,54,57,57,57,57,56,7,56,56,6,56,56,8,8,7,55,56,6,8,56,56,55,52,8,8,48
0,237,235,79,97,113,70,54,7,52,95,129,70,53,7,7,154,7,67,7,8,112,158,121,62,85,7,53,63,117,83,7,8,258,6,8,61,237,7,56,118,7,7,6,6,133,72,50,140,104,219,8,7,123,7,73,62,6,201,7,6,8,8,7,198,56,107,7,134,7,8,81,129,57,50,237,8,67,6,88,6,6,8,6,8,136,8,8,8,6,8
0,122,121,125,44,96,100,107,98,97,59,8,54,85,82,8,62,7,7,58,85,84,82,65,8,7,95,8,8,95,8,95,95,8,95,7,55,95,8,90,8,90,79,85,7,8,85,7,78,7,8,8,68,8,80,7,79,7,81,84,7,8,7,6,69,6,8,68,71,68,7,66,8,8,6,58,70,8,8,8,68,70,8,7,8,8,6,8,7,8,8
0,45,45,44,9,44,7,44,45,44,43,44,7,43,44,44,44,43,44,7,44,8,45,45,8,44,7,45,44,45,8,45,45,44,44,8,44,45,6,8,8,44,8,8,8,8,45,45,8,6,8,8,8,48,8,47,49,7,7,7,8,8,48,62,8,57,63,47,7,8,8,8,7,8,6,65,66,64,50,7,8,7,8,8,8,8,70,8,67,72,7
0,89,89,90,72,34,35,32,6,89,33,84,33,34,8,34,34,32,32,6,33,32,7,34,33,7,6,8,6,8,6,8,46,182,62,54,7,186,57,67,82,106,84,86,81,163,6,8,8,93,147,88,8,8,8,6,6,6,8,8,7,8,61,80,8,7,143,8,8,7,8,142,8,8,7,199,8,7,8,8,8,68,77,9,8,138,89,84,6,8,6
0,11,319,319,118,9,7,70,52,8,48,7,176,198,158,57,131,7,7,6,79,75,90,75,84,105,128,85,7,113,123,8,160,112,66,60,6,150,8,112,65,82,102,8,6,8,6,8,8,6,8,8,65,7,8,6,149,6,8,7,8,8,124,7,8,7,116,7,8,180,7,177,8,81,82,175,7,88,64,163,58,92,7,6,8,8,7,9,6,6,129
0,126,127,94,7,128,8,77,87,130,62,7,8,6,127,8,46,8,8,8,8,118,8,119,8,52,128,85,66,95,82,71,118,128,65,6,6,115,56,125,8,121,7,128,7,8,51,6,8,7,8,129,55,190,8,8,7,7,8,6,133,198,8,8,8,6,7,8,130,126,8,8,158,8,145,8,157,7,8,8,8,6,8,8,9,8,154,8,8,8,8
0,16,6,8,7,7,10,11,15,8,50,8,8,8,80,8,8,8,8,6,8,88,8,7,6,6,45,89,7,6,9,89,89,8,89,7,6,89,8,8,88,8,7,52,6,8,88,7,8,8,7,8,7,8,8,9,8,7,8,8,9,83,8,9,8,47,105,8,8,107,87,160,8,8,52,8,8,8,8,8,111,7,7,8,8,8,8,7,8,6,9
0,180,180,181,88,93,130,8,8,6,103,139,8,10,8,72,153,8,8,0,143,8,8,8,8,64,7,8,7,132,8,8,6,8,7,8,97,129,7,130,53,131,8,8,8,8,8,8,9,8,6,93,53,9,6,8,8,80,9,8,8,94,8,7,8,8,8,8,7,8,8,8,8,8,7,107,8,7,7,8,8,7,8,8,8,8,56,7,8,6,9
0,137,137,138,83,7,63,7,6,7,8,72,112,69,50,7,113,99,68,6,95,91,108,8,97,98,94,8,95,8,8,62,100,94,61,96,58,95,87,8,8,99,48,95,7,8,91,7,98,7,7,8,9,8,97,8,57,50,8,7,6,8,89,83,119,7,8,8,71,119,8,8,8,112,66,108,77,52,8,8,7,6,7,8,8,9,9,9,8,7,8
0,50,50,50,50,7,7,48,6,50,51,50,51,8,8,51,7,8,51,7,51,51,50,7,51,8,6,51,51,51,8,51,6,50,50,50,50,8,8,8,8,48,51,8,8,8,8,8,8,8,8,8,8,7,162,155,99,65,173,90,6,129,6,8,8,54,136,8,135,9,6,8,6,167,148,149,8,8,55,6,72,146,51,8,121,112,129,50,59,119,7
0,70,70,70,7,70,7,70,8,71,70,51,70,71,71,7,7,8,72,7,8,73,72,8,73,60,7,72,8,113,75,8,285,72,8,7,67,136,61,8,8,8,8,8,7,122,8,8,124,9,6,126,8,8,69,9,56,7,8,7,8,102,8,6,8,8,9,109,8,7,6,9,51,7,6,158,9,8,8,7,8,8,8,8,8,9,8,7,8,111,8
0,203,161,132,79,75,158,69,6,55,7,141,68,79,151,85,150,63,8,6,86,7,151,96,105,54,112,7,7,60,51,88,58,8,89,9,7,115,7,6,88,7,89,6,7,8,70,8,8,8,7,8,8,8,89,116,8,8,73,7,6,8,8,6,153,7,8,8,114,6,8,6,6,9,45,8,131,6,8,9,8,6,7,8,8,8,8,137,8,8,8
0,179,178,84,92,8,8,82,53,55,50,7,142,147,173,7,69,8,56,80,81,125,111,67,8,49,60,173,77,63,163,110,8,156,108,58,6,8,6,8,8,8,8,8,51,8,8,172,7,179,7,8,7,8,8,8,8,8,8,8,7,8,133,96,8,8,8,6,8,8,8,8,8,8,6,8,8,52,8,8,8,6,8,8,8,8,8,6,7,7,8
0,139,141,116,81,60,137,8,139,137,6,8,100,7,137,53,109,8,57,99,8,57,8,138,8,8,8,75,7,8,6,8,56,173,8,8,64,109,7,8,8,63,8,55,7,9,8,8,8,8,6,91,7,8,71,156,7,64,74,8,7,8,136,7,8,8,6,8,8,8,8,8,6,8,7,8,7,36,7,8,8,7,8,8,9,8,8,7,6,8,38
0,6,6,286,87,5,5,6,7,9,133,94,75,89,124,58,101,72,76,7,7,137,90,95,138,89,113,65,136,84,83,86,135,64,62,55,69,134,7,92,8,6,8,8,7,8,7,7,7,6,6,8,8,6,65,8,135,8,8,49,70,9,8,7,8,8,7,8,8,8,8,7,6,9,8,8,7,72,9,8,9,8,8,8,8,8,58,137,7,8,8
0,302,301,284,7,95,65,7,8,53,48,86,65,51,7,118,174,8,8,6,8,142,81,131,172,88,92,92,8,177,8,64,120,123,7,8,6,134,7,113,65,91,60,83,164,195,8,53,8,54,7,8,49,9,8,7,8,50,120,104,7,8,8,52,155,8,114,7,8,9,50,8,6,8,6,8,8,7,8,8,8,7,133,7,8,132,8,8,115,114,9
0,324,117,196,61,71,116,7,7,111,7,51,92,8,136,8,110,7,8,7,145,94,87,8,54,53,168,8,136,59,8,61,225,68,7,6,8,194,8,75,61,8,65,52,60,322,103,81,7,8,101,8,6,6,8,8,122,7,71,126,6,7,7,7,102,50,7,97,133,82,7,8,8,6,6,169,8,7,7,8,9,6,6,8,8,6,8,8,9,8,8
0,6,6,6,7,7,7,6,5,7,7,7,7,7,7,7,6,7,7,6,7,8,6,45,7,140,81,65,60,112,118,87,104,85,55,110,7,8,58,111,116,8,8,9,7,8,9,8,6,6,8,8,8,73,8,6,103,5,8,8,8,8,8,6,8,97,6,74,95,90,90,90,8,8,7,8,8,7,8,7,8,74,9,8,8,8,8,6,6,7,8
0,231,205,220,7,95,83,103,124,7,8,8,91,206,203,201,156,149,8,7,189,54,132,52,8,8,52,7,8,7,48,109,87,8,8,8,48,8,7,8,208,8,6,103,49,9,8,6,8,6,8,8,7,202,8,8,8,6,8,8,8,7,8,7,8,52,7,8,6,8,8,8,9,8,7,8,7,7,7,7,8,7,107,35,9,9,7,8,9,9,144
0,357,357,285,86,8,58,70,7,203,82,111,8,130,221,56,129,7,10,51,119,80,60,154,60,63,139,68,109,63,119,7,8,165,7,8,49,113,8,8,8,8,139,6,6,8,8,56,148,7,6,8,8,7,8,8,9,6,7,8,6,8,8,7,8,8,52,139,7,132,268,57,7,8,7,8,49,67,9,8,8,7,8,8,8,8,8,8,7,9,8
0,94,95,93,7,84,7,7,6,64,91,7,8,56,8,89,6,59,8,57,50,8,91,71,7,8,93,8,6,8,85,93,8,93,8,7,74,94,55,58,7,8,8,8,83,8,8,8,90,51,7,8,8,77,91,9,8,7,8,6,8,7,8,9,8,8,90,8,8,51,7,8,6,6,6,8,6,6,7,9,88,6,9,7,7,94,7,7,8,7,7
0,130,130,82,92,89,81,7,64,132,58,130,7,65,8,94,112,8,62,53,94,8,8,94,7,8,7,8,71,99,8,93,93,8,8,7,8,8,7,8,93,93,91,8,6,9,8,8,8,6,58,93,6,8,8,6,96,99,8,8,7,9,8,6,8,8,9,96,8,7,8,8,6,6,6,8,9,7,95,8,76,6,7,76,7,96,7,7,7,7,8
0,138,135,139,54,85,59,8,47,116,111,86,7,93,9,7,114,7,79,6,113,113,82,99,54,7,114,113,64,8,8,111,7,76,8,8,7,112,7,111,88,8,49,7,8,8,94,6,8,49,0,8,73,9,71,9,8,6,8,6,8,7,113,7,113,7,111,52,6,6,72,113,113,7,9,8,9,7,82,7,8,8,8,9,8,7,7,47,98,7,7
0,160,346,129,96,75,8,7,56,75,8,66,108,63,8,7,106,7,8,8,8,8,8,8,8,8,7,8,8,134,113,61,110,155,65,154,7,8,8,8,9,8,8,8,8,146,8,8,69,6,7,8,6,8,8,54,9,65,8,6,8,8,8,9,8,7,6,9,7,8,8,66,6,66,9,8,7,7,65,7,66,9,7,7,7,68,69,8,8,6,7
0,237,115,160,161,8,76,8,8,7,78,8,137,81,6,7,59,49,8,49,78,141,81,56,8,7,47,193,8,8,149,61,144,8,8,8,8,8,50,150,132,131,7,8,6,115,9,8,8,7,8,8,8,7,9,8,9,6,8,8,8,9,8,52,8,6,7,111,7,6,8,7,8,8,7,8,7,7,111,9,8,7,9,7,7,6,6,8,7,45,59
0,137,136,191,93,138,7,57,74,106,7,56,56,8,142,7,48,8,8,7,8,137,143,78,7,8,6,110,8,8,154,59,7,195,87,82,62,104,68,86,8,8,8,7,65,8,8,8,8,6,8,8,8,7,9,9,9,53,9,7,9,7,9,51,8,8,6,8,8,112,7,160,106,6,73,8,154,7,9,8,7,7,7,8,8,8,8,8,7,6,8
0,214,103,200,99,131,71,56,209,73,8,8,93,200,8,56,8,8,153,73,211,8,111,101,110,123,113,81,84,62,166,56,8,201,7,6,8,174,51,127,154,78,92,8,6,167,6,6,8,7,6,8,9,9,103,253,6,8,8,7,8,8,8,8,8,7,6,8,7,9,8,150,148,86,7,8,8,6,8,8,107,7,7,6,7,8,777,7,6,9
0,186,184,184,92,8,53,49,89,7,7,78,122,8,53,8,136,7,87,85,135,76,131,57,8,6,144,60,86,8,133,58,134,126,67,7,7,8,7,8,8,126,129,144,7,8,49,7,8,6,8,8,8,7,8,8,8,7,8,8,8,8,8,7,160,7,8,8,8,7,8,7,7,8,6,7,7,50,7,7,8,7,8,8,8,7,8,6,9,7,7
0,140,140,139,5,7,70,7,7,8,8,65,140,142,61,8,8,58,8,8,193,8,8,144,8,6,54,8,143,66,8,6,57,96,8,6,6,145,52,101,200,83,126,176,130,239,8,8,8,6,6,7,8,7,106,137,6,136,47,106,6,7,125,7,8,8,7,8,6,7,8,8,7,7,6,7,6,7,8,7,8,7,7,8,7,7,6,8,7,7,8
0,166,166,164,96,76,7,7,46,109,7,47,127,135,149,8,148,7,97,54,8,48,57,8,6,87,6,129,7,131,128,8,143,8,8,79,7,118,7,131,119,8,6,115,7,8,8,8,8,6,8,9,105,116,7,7,87,6,8,6,8,7,8,6,7,52,116,8,112,56,97,118,120,7,9,7,125,6,87,141,7,7,6,7,7,7,6,88,7,9,7
0,161,161,159,97,7,58,53,7,117,127,8,71,7,8,100,162,7,62,9,113,78,0,109,7,85,78,57,8,8,8,134,89,104,8,8,7,8,6,146,7,7,8,8,7,8,8,58,9,49,6,8,8,46,9,8,8,7,8,8,8,7,8,52,8,8,7,8,51,7,8,9,7,9,7,132,133,7,7,7,8,7,8,7,7,7,7,47,7,53,7
0,134,125,133,80,7,100,7,56,8,7,8,8,8,125,8,8,8,124,6,65,105,8,70,103,7,75,8,8,102,102,6,63,102,8,8,48,7,7,101,7,52,46,7,9,8,7,9,7,9,7,7,8,6,101,7,8,9,9,101,7,7,8,6,7,7,101,7,7,6,7,41,6,70,6,7,9,7,102,7,8,7,7,9,9,9,7,9,9,6,9
0,39,39,39,39,7,8,40,5,8,8,8,42,9,46,8,6,45,36,35,8,35,8,35,35,36,7,8,6,7,7,36,26,26,8,7,7,22,7,22,7,21,8,8,7,7,8,8,7,7,7,21,7,7,7,7,21,7,7,9,8,9,7,7,8,7,6,22,7,7,7,7,6,22,7,7,7,9,24,9,9,7,7,7,7,9,7,9,7,6,7
0,120,119,118,119,101,104,60,110,119,70,53,8,8,89,7,8,8,89,53,120,8,93,91,8,67,7,88,7,8,7,90,90,82,84,7,7,47,83,8,8,58,8,81,7,8,9,8,8,6,6,9,8,9,8,8,8,7,8,7,8,9,8,7,8,7,7,8,6,8,8,8,6,8,48,7,9,51,7,7,8,8,8,9,7,8,7,7,8,54,8
0,118,119,120,45,83,81,8,6,77,101,109,8,118,6,54,8,8,119,6,119,8,8,107,6,8,5,8,50,7,117,8,6,120,105,7,7,121,8,8,6,54,96,9,8,8,72,9,8,7,6,8,9,7,8,8,106,7,8,7,63,47,8,7,47,46,9,7,44,7,7,46,7,8,7,7,7,6,9,9,46,9,9,9,9,7,7,6,9,7,7
0,97,113,215,98,74,79,54,55,116,63,216,84,78,8,8,8,88,8,7,8,116,135,8,208,109,170,8,8,105,125,85,111,81,8,8,7,111,80,8,112,195,71,7,7,7,49,6,8,7,8,7,7,6,8,8,7,9,8,7,8,8,124,7,117,6,9,7,101,7,50,7,6,6,9,223,7,7,9,7,7,8,7,8,9,9,7,9,7,9,7
0,137,137,91,7,8,75,57,68,8,115,7,65,50,70,8,8,145,66,64,8,8,6,9,6,92,7,7,8,132,8,8,7,7,7,7,9,60,6,9,9,7,9,7,7,9,7,48,7,9,6,9,7,52,8,8,7,7,7,8,9,9,7,9,7,7,6,108,7,7,7,9,6,7,7,7,7,7,9,9,7,7,8,9,7,7,9,175,6,7,6
0,84,82,82,82,8,6,60,7,8,8,82,83,8,84,8,84,7,8,45,8,85,7,8,0,8,85,8,53,85,87,62,7,88,7,7,7,7,7,89,7,8,52,54,7,8,90,7,7,9,8,92,7,7,8,7,9,7,7,7,7,9,98,6,7,8,8,8,9,7,7,7,6,9,7,7,7,7,6,8,8,7,7,9,9,7,91,7,7,124,6
0,121,120,120,87,7,8,7,7,121,72,7,66,8,8,121,8,8,93,7,8,120,120,115,90,8,8,8,61,121,122,8,8,8,8,8,6,108,7,103,8,8,8,8,6,7,7,8,101,83,6,8,54,7,6,6,7,8,7,8,7,8,8,7,8,8,6,105,7,8,7,7,7,7,7,7,6,7,7,7,8,9,105,7,7,7,7,8,9,6,7
0,138,115,111,6,7,7,80,81,105,113,111,63,71,50,8,8,8,109,6,64,113,8,110,8,8,7,109,70,91,103,7,8,100,121,6,8,77,68,77,8,8,77,51,6,78,51,78,9,9,55,78,6,74,76,76,7,61,7,8,8,9,76,6,76,6,76,6,9,50,7,9,8,53,8,77,7,77,8,9,8,7,9,9,9,9,6,9,9,6,9
0,111,111,111,80,8,57,55,84,6,8,110,88,6,8,8,57,8,8,7,64,65,64,61,8,8,6,61,6,62,61,7,7,7,62,7,6,61,7,62,63,64,62,7,6,63,8,52,50,6,7,9,7,7,49,9,6,9,9,7,9,45,7,7,7,9,7,7,8,9,7,6,7,7,7,9,7,6,49,7,7,8,9,9,72,9,69,6,9,50,7
0,60,60,60,60,9,7,8,6,61,8,7,61,7,8,62,8,62,8,7,8,8,113,116,79,92,115,7,8,8,115,61,8,8,8,8,7,109,7,8,8,48,8,8,48,7,8,8,52,7,8,7,9,9,9,7,114,6,7,6,8,7,111,56,8,7,6,9,9,7,7,8,90,49,7,8,7,74,6,8,8,7,7,7,7,117,7,9,7,7,7
0,245,234,245,8,157,8,8,7,61,122,53,58,205,8,8,8,8,8,7,8,8,7,73,101,61,103,102,7,101,100,86,8,8,8,7,7,7,8,8,8,6,7,8,7,9,8,8,7,7,8,8,8,7,7,7,7,7,7,7,7,9,69,7,8,7,7,7,9,8,8,7,6,8,6,7,7,6,7,7,8,7,9,9,9,7,6,9,6,68,7
0,154,153,187,7,0,7,7,8,51,67,53,68,6,8,158,8,47,132,7,104,8,6,6,6,8,8,141,138,79,8,8,190,8,8,8,7,146,8,8,8,8,8,97,6,8,8,8,8,7,7,8,8,9,9,8,8,6,8,8,8,6,8,7,8,7,7,8,9,8,55,91,95,8,54,93,7,9,7,9,8,6,7,9,9,7,7,9,7,8,7
0,83,82,84,8,8,63,7,8,81,73,8,8,7,7,8,6,8,76,6,8,8,97,88,67,7,8,8,8,97,97,6,7,82,96,80,6,98,58,97,8,96,9,6,6,8,8,8,8,6,6,8,8,7,8,7,7,7,7,7,8,9,8,9,8,8,6,7,9,73,6,7,6,9,7,7,7,7,9,9,7,8,8,7,7,162,7,7,9,9,8
0,131,129,131,89,7,7,56,8,8,89,6,108,8,8,8,8,99,8,6,113,8,8,108,7,8,6,92,7,107,85,7,108,8,78,7,9,111,7,8,8,8,8,7,8,7,8,8,7,9,8,8,8,7,8,7,8,7,7,7,8,9,8,6,7,7,6,7,7,7,9,7,6,6,6,7,7,7,59,9,9,7,9,9,7,7,7,8,59,7,7
0,6,7,6,6,6,6,6,7,7,7,8,38,9,7,36,36,35,7,6,8,7,35,7,6,8,35,35,8,35,8,35,35,35,36,33,7,35,8,34,35,7,34,34,7,34,34,7,34,8,33,32,33,8,8,33,29,30,8,8,8,6,31,7,33,29,8,7,8,33,31,7,6,7,7,7,8,32,32,31,8,7,7,7,7,9,33,40,7,7,38
0,11,8,8,8,10,10,37,37,7,6,6,6,6,10,8,8,8,35,34,8,8,32,32,6,8,31,30,8,8,8,8,8,32,32,31,6,32,8,6,34,8,8,8,39,8,8,34,34,8,8,8,8,6,8,8,29,8,8,8,8,31,8,7,36,7,7,8,7,7,8,8,7,8,31,8,7,6,8,9,8,7,8,8,30,8,7,8,7,8,8
0,71,71,71,71,71,71,55,71,70,44,67,71,71,50,70,70,70,47,70,67,46,68,46,71,68,71,48,45,46,49,67,69,50,68,61,68,47,70,47,70,49,70,57,56,55,56,55,57,39,56,56,34,56,56,37,57,35,35,35,35,32,28,31,31,29,30,30,30,29,30,30,30,30,31,30,30,29,30,30,30,29,31,29,30,30,30,30,30,30,30
0,71,71,71,47,71,45,53,71,6,70,71,71,71,70,70,70,71,8,70,71,44,71,50,68,67,70,47,45,51,20,59,48,43,45,68,68,69,68,67,54,58,46,27,68,68,8,51,68,69,69,69,48,68,50,69,52,69,52,69,56,69,50,68,57,54,69,48,50,68,58,54,39,38,35,57,39,36,36,33,35,32,33,32,33,30,31,31,28,31,33
0,7,7,7,7,6,8,9,9,10,10,11,11,12,10,9,13,13,15,50,131,21,73,44,68,57,72,73,74,74,72,71,71,69,72,56,71,71,71,70,53,70,48,50,70,70,70,70,49,54,68,69,50,68,68,67,48,65,51,68,68,67,49,68,69,48,70,45,70,71,71,72,47,46,69,63,45,44,37,68,46,38,37,35,35,30,31,29,31,30,31
0,67,67,67,66,64,67,57,67,67,67,56,67,67,8,9,8,7,67,63,67,67,67,67,67,8,7,66,67,68,68,54,68,68,68,68,8,8,6,67,68,68,8,69,7,68,7,68,53,69,48,69,8,78,104,101,8,72,104,89,7,77,7,51,101,59,112,7,111,7,111,65,111,55,51,110,70,79,8,51,53,113,51,8,110,113,80,57,8,114,7
0,138,139,138,80,81,60,87,110,138,7,98,82,136,64,62,57,8,51,61,106,92,152,68,7,6,8,98,55,8,109,7,205,7,84,8,6,205,204,122,6,117,6,89,111,8,8,8,7,8,58,8,8,160,7,128,8,6,8,116,8,109,6,8,8,93,131,8,127,97,8,85,8,58,94,8,90,79,57,104,75,62,8,8,8,80,61,8,76,79,51
0,27,27,28,7,7,7,7,8,9,27,7,27,27,27,27,27,27,27,8,28,27,27,27,7,7,6,27,28,29,28,28,8,29,28,8,8,31,7,8,31,31,7,31,7,8,7,7,6,7,6,8,32,8,7,31,7,32,8,32,8,7,7,8,33,8,8,33,32,33,7,8,34,34,6,35,36,8,37,8,49,48,6,7,48,8,8,48,48,8,8
0,357,337,120,7,66,7,49,72,260,56,8,9,261,85,55,84,6,7,86,117,94,89,123,7,7,51,177,7,7,149,8,53,94,8,74,52,115,8,7,71,181,8,109,133,105,8,7,59,7,8,133,8,125,8,8,54,8,6,8,8,8,133,7,176,7,8,109,8,72,8,141,8,8,6,99,175,8,49,8,7,8,68,8,8,109,7,8,8,150,7
0,64,64,65,64,64,7,61,58,64,7,7,63,6,52,64,7,9,8,9,63,65,8,61,8,7,7,8,8,8,8,8,8,58,58,56,8,58,8,8,7,57,7,8,6,59,8,8,7,6,6,66,7,8,8,56,8,8,8,8,7,8,52,8,8,44,52,52,8,51,7,8,8,8,7,8,7,7,6,8,8,7,41,7,8,8,8,8,8,8,8
0,4,75,75,7,85,7,45,7,60,45,59,53,58,7,7,57,48,8,7,60,7,63,62,8,62,47,53,7,51,7,8,50,50,50,7,8,8,6,48,6,6,8,6,8,8,39,8,8,38,6,8,7,8,8,7,7,8,8,8,8,8,37,35,36,7,37,36,8,37,36,8,37,37,36,8,37,38,8,8,8,6,8,39,8,8,38,8,38,38,8
0,52,52,53,52,52,6,7,52,51,7,52,7,51,52,8,7,7,52,6,52,52,20,7,8,8,18,19,7,8,17,18,8,9,6,18,8,18,7,18,17,17,8,17,17,8,8,8,17,7,6,18,18,17,8,8,8,7,8,8,8,8,8,19,8,7,19,21,6,22,6,8,6,6,6,8,8,8,8,7,7,8,7,7,8,7,43,39,39,36,36
0,109,109,109,104,84,81,7,54,83,107,102,8,78,68,7,87,8,101,63,88,107,57,76,95,57,83,62,7,8,8,8,8,106,8,8,6,112,7,138,8,147,8,8,7,8,8,8,51,8,8,8,7,6,136,8,75,8,150,8,6,86,7,8,176,55,143,6,118,54,152,6,176,8,8,8,7,6,8,8,172,172,7,6,8,8,6,9,8,82,8
0,115,115,116,8,94,83,82,7,85,83,65,66,83,8,53,8,7,81,59,8,8,7,69,8,81,7,81,8,8,81,81,81,8,8,7,9,81,6,8,6,55,8,8,6,8,8,6,9,51,7,8,8,8,8,7,81,7,8,8,8,7,9,52,80,7,7,8,9,78,7,81,7,8,54,8,82,7,8,82,8,7,81,7,7,7,7,8,7,7,7
0,75,74,75,51,76,8,7,75,74,64,74,46,73,70,55,7,7,74,75,74,6,74,74,48,7,8,73,51,68,8,8,73,73,8,46,8,74,8,57,8,8,8,57,6,8,49,56,56,7,56,56,49,56,55,56,8,7,8,7,55,9,55,7,8,8,55,8,8,8,6,8,6,8,7,55,55,55,7,8,9,6,8,8,8,8,9,8,56,8,55
0,63,63,63,7,62,7,62,43,62,7,43,63,8,63,7,8,59,62,62,47,45,8,46,46,46,8,38,35,39,38,17,8,13,12,13,6,8,11,8,8,8,12,8,7,8,12,8,8,8,8,8,8,8,12,8,11,12,8,6,8,8,8,8,12,8,7,8,6,8,8,8,11,11,8,8,7,7,8,9,8,7,8,8,8,8,13,13,8,8,13
0,348,172,141,7,7,142,7,7,173,73,160,8,78,109,83,138,191,8,129,174,8,58,8,148,81,8,8,147,54,8,8,7,128,59,95,7,181,8,52,8,8,8,78,7,8,120,8,111,6,7,8,7,7,8,6,8,53,8,7,6,8,7,9,8,8,160,8,8,8,6,8,6,8,6,8,7,7,8,8,8,8,8,8,112,8,8,9,110,8,8
0,200,179,49,7,152,7,7,165,119,8,8,7,76,8,70,167,8,62,7,8,8,0,8,7,111,7,116,8,8,166,76,105,60,69,84,167,8,6,82,8,167,78,8,7,8,63,8,132,8,8,8,6,8,8,8,8,7,166,78,6,7,7,9,161,6,8,7,180,8,178,59,8,6,7,8,6,7,9,8,8,8,8,8,8,8,8,8,137,8,8
0,220,218,221,94,66,96,8,119,7,7,110,8,7,123,82,8,7,8,8,187,66,78,8,69,7,8,129,80,53,60,86,7,8,8,8,8,135,6,199,8,8,8,8,6,8,8,8,8,7,8,8,8,8,7,6,8,8,8,8,8,8,8,6,8,8,184,51,8,8,6,8,9,7,6,8,6,6,8,8,187,7,43,6,8,8,9,9,8,145,8
0,252,253,254,9,7,6,7,7,8,7,8,112,8,120,7,137,7,8,6,8,186,217,8,57,8,6,8,7,6,8,7,8,39,8,8,6,38,39,8,8,18,8,7,6,8,8,37,8,9,7,8,8,7,8,8,8,6,8,8,8,8,8,7,36,7,6,36,6,7,8,8,6,8,6,37,7,8,8,8,8,7,8,8,8,8,7,8,8,8,7
0,34,34,35,34,7,7,34,8,35,36,36,35,53,3,0,0,0,0,0,0,0,0,0,0,0,0,0,0,0,0,0,0,0,0,0,0,0,0,0,0,0,0,47,0,0,0,8,47,0,0,8,38,8,7,8,8,8,7,8,8,8,8,8,46,8,46,8,40,46,38,8,8,8,7,40,6,6,8,8,40,8,7,8,8,8,9,8,8,6,8
0,0,0,0,0,0,0,0,0,0,0,0,0,0,0,0,0,0,0,0,0,0,0,0,0,0,0,0,0,0,0,0,0,0,0,0,0,0,0,0,0,0,0,0,0,0,0,0,0,0,0,0,0,0,0,0,0,0,0,0,0,0,0,0,0,0,0,0,0,0,0,0,0,0,0,0,0,0,0,0,0,0,0,0,0,0,0,0,0,0,0
0,19,19,18,7,7,18,19,18,8,21,7,132,156,157,60,117,7,18,6,8,8,14,14,16,14,0,8,7,9,8,13,7,8,6,13,6,13,9,8,8,8,8,8,8,8,8,8,8,8,8,13,13,9,8,8,13,6,7,8,8,7,8,8,15,15,6,17,8,8,7,8,7,8,6,8,7,6,32,8,8,6,8,8,9,8,7,8,7,30,8
0,172,173,88,8,7,98,57,162,123,7,7,53,7,8,59,8,7,130,7,130,63,8,135,8,7,8,8,130,85,124,7,60,119,82,53,6,86,8,8,120,8,6,8,7,8,8,8,8,8,6,139,63,106,8,8,7,6,8,8,8,9,96,50,8,55,121,6,8,8,6,131,8,8,7,7,7,6,8,97,8,7,8,9,8,8,8,8,134,147,7
0,93,93,92,83,82,7,49,7,7,7,7,78,8,84,7,8,81,10,7,95,8,83,84,83,60,8,94,8,93,83,9,91,94,7,8,72,8,8,56,111,111,8,6,7,8,8,56,89,6,8,8,7,6,8,8,8,8,8,8,8,8,8,8,8,8,2,73,8,8,8,8,7,6,6,8,6,8,110,98,7,7,82,9,8,8,8,8,7,6,69
0,357,242,146,59,7,81,7,51,292,108,6,7,7,49,8,132,8,67,6,127,8,131,56,8,8,132,67,59,8,8,81,55,8,85,8,6,84,7,7,8,8,8,7,53,81,7,8,8,8,7,82,8,8,8,81,55,7,7,6,8,8,8,7,8,8,82,8,8,6,8,8,82,8,7,8,6,68,7,82,8,8,86,7,8,9,6,6,8,7,8
0,16,17,14,13,14,17,7,6,7,16,16,7,6,8,5,7,8,14,58,13,13,170,14,6,5,5,5,9,9,7,8,6,217,61,95,73,8,6,8,49,195,7,8,7,8,8,8,8,7,6,8,106,7,8,240,8,8,8,8,106,9,8,8,8,119,223,8,8,6,8,8,7,6,9,8,7,6,102,8,8,9,53,7,8,8,8,6,7,9,146
0,348,247,155,94,116,61,7,296,87,54,108,7,92,107,8,69,66,85,55,174,53,89,104,57,6,6,217,8,8,8,8,8,130,102,84,6,8,6,8,48,90,8,7,7,99,8,8,7,6,7,142,8,8,71,8,8,8,8,7,8,236,8,8,8,6,7,8,8,8,67,8,8,7,6,7,141,54,7,8,8,8,8,8,8,8,8,8,6,7,8
0,172,173,98,7,76,76,73,118,95,7,118,7,60,122,8,54,54,64,123,161,7,111,8,8,6,7,125,72,126,103,62,7,8,99,50,7,151,160,184,7,8,7,6,6,8,8,8,168,7,8,74,8,72,8,8,72,7,8,6,8,8,70,48,8,6,9,8,7,50,63,70,8,70,6,8,6,70,9,8,70,8,8,8,8,8,7,8,7,70,9
0,15,15,7,7,0,15,7,14,7,14,13,16,11,13,8,13,8,7,7,8,7,53,8,80,8,51,8,8,7,79,8,8,7,6,7,46,8,7,6,75,8,9,8,6,8,8,8,79,104,108,8,8,8,6,8,8,6,8,8,8,8,8,52,8,6,7,8,8,8,6,8,8,6,7,8,7,7,8,8,8,7,8,8,8,8,8,6,8,6,8
0,40,40,40,40,40,8,40,7,8,40,40,8,8,8,8,41,42,41,6,43,8,9,89,8,8,8,70,7,8,74,63,58,68,8,70,9,68,6,68,8,8,69,8,7,8,8,8,9,8,8,8,9,71,8,8,8,6,8,6,48,8,71,7,8,8,7,9,8,75,7,73,8,8,6,74,8,74,8,6,8,6,76,7,8,66,8,7,8,7,9
0,34,34,34,7,34,7,34,34,7,34,9,34,8,7,34,8,34,34,6,35,35,8,34,35,35,7,8,8,35,35,8,8,8,36,8,6,8,8,8,8,6,8,8,8,8,43,8,8,7,7,8,7,7,8,6,8,7,8,6,44,9,8,8,8,7,7,87,8,8,6,8,7,6,7,8,26,6,8,8,9,7,8,8,9,8,25,25,8,7,9
0,7,7,7,8,7,6,7,8,104,16,7,13,13,14,8,14,7,14,15,18,7,9,7,7,12,8,18,113,8,8,8,62,8,8,8,6,139,7,112,63,129,7,7,6,8,72,137,58,8,8,111,65,9,87,8,8,123,7,8,7,8,94,65,8,48,7,8,7,8,8,45,6,6,8,8,8,52,7,8,8,8,8,7,7,8,7,7,7,7,9
0,38,37,44,9,8,7,8,6,44,44,43,44,45,44,8,51,8,51,53,51,50,51,51,51,8,52,8,6,69,67,66,52,67,67,66,49,8,7,9,6,8,65,9,6,8,6,8,9,8,6,8,53,7,50,7,9,6,8,46,8,7,8,7,8,6,6,51,8,8,8,9,7,7,8,8,6,9,7,8,8,7,6,7,38,8,8,7,6,6,9
0,19,20,86,89,129,7,7,8,8,7,7,130,8,8,112,7,7,8,55,187,6,6,5,6,7,9,134,6,6,5,7,161,8,8,6,8,8,8,8,8,114,9,8,7,81,8,134,8,8,9,225,9,8,8,8,8,6,8,7,8,7,8,6,8,8,7,91,9,7,55,8,7,185,7,197,6,8,8,8,9,7,8,8,8,8,8,8,7,9,107
0,18,16,17,18,19,8,7,19,8,73,8,18,7,55,8,7,94,127,8,121,8,8,117,8,6,7,129,8,8,8,8,8,8,8,6,6,8,7,8,9,8,8,6,8,8,8,8,8,7,6,8,8,7,8,8,106,7,8,6,8,8,8,7,8,50,7,125,7,6,7,8,7,64,7,7,6,7,55,72,6,0,88,56,7,7,7,7,7,7,7
0,78,78,79,68,66,66,8,51,79,7,8,8,79,8,8,8,6,8,6,8,79,78,8,78,8,6,8,6,5,78,7,8,7,7,8,6,51,8,8,8,51,8,8,6,8,9,8,47,6,6,8,7,9,8,6,8,7,8,8,7,7,8,7,8,8,47,51,9,7,8,8,8,7,9,52,7,52,7,8,7,7,8,8,7,7,56,8,7,9,7
0,126,155,107,6,54,7,58,62,8,8,6,59,66,8,6,8,60,8,6,8,64,8,8,7,8,48,8,7,8,8,56,8,58,8,8,6,8,8,8,52,8,8,8,9,54,8,6,9,7,6,8,6,6,9,7,46,7,8,7,8,9,8,44,8,7,45,44,45,8,7,44,7,6,7,8,7,7,8,7,8,7,7,7,7,9,8,7,7,6,7
0,106,111,108,7,6,7,7,6,6,73,72,7,10,71,57,69,7,53,6,70,69,70,53,8,36,8,8,6,6,7,52,8,6,51,34,51,6,8,8,8,8,8,8,7,51,8,8,8,8,6,8,9,8,8,8,8,7,8,8,9,8,8,8,50,8,7,8,51,8,8,8,28,6,6,8,7,8,7,8,8,8,8,7,7,8,7,8,27,7,28
0,69,68,68,8,6,7,41,8,68,8,6,8,6,41,40,8,8,8,6,8,8,8,7,36,38,7,8,6,8,6,8,37,8,8,8,37,37,8,8,6,8,36,8,6,8,39,8,8,7,8,8,9,6,9,8,8,6,8,9,9,40,9,40,8,9,41,8,8,7,41,8,8,7,6,8,8,7,7,7,21,7,7,9,19,8,7,8,7,6,7
0,357,7,7,77,60,61,8,6,7,78,8,132,55,7,7,128,8,8,51,8,8,6,150,55,56,5,8,6,8,9,8,8,316,69,7,7,8,9,8,6,104,8,9,9,8,9,8,8,7,8,8,8,7,8,8,8,7,7,8,8,9,8,7,7,8,6,7,7,6,7,8,7,8,6,8,7,7,7,7,8,7,8,7,8,7,7,8,6,9,37
0,35,35,35,8,8,34,8,8,35,35,35,7,7,8,7,35,8,34,6,8,36,8,36,6,36,8,8,7,8,6,8,21,20,20,20,8,8,9,7,7,8,19,8,6,8,8,8,8,8,9,19,9,7,8,6,8,7,8,8,8,7,8,6,8,20,7,8,7,8,8,8,22,22,7,8,28,6,8,7,8,7,7,7,7,7,8,6,7,7,8
0,66,66,63,7,63,55,8,6,8,61,68,67,8,116,62,66,8,50,6,8,63,93,60,60,7,61,8,8,8,8,8,8,8,8,6,9,8,6,8,7,131,8,8,8,8,8,8,9,9,6,8,8,6,8,9,8,6,8,7,8,8,8,7,8,7,7,8,7,100,9,134,81,8,7,8,130,7,8,7,8,7,8,8,8,8,7,8,8,6,8
0,105,32,32,32,32,32,31,8,30,8,7,31,6,30,8,30,8,30,30,30,30,7,29,6,29,7,29,7,8,8,8,29,29,29,29,29,29,8,8,6,29,9,8,7,9,8,8,9,6,6,8,9,7,8,7,9,8,8,8,8,7,8,9,31,7,7,32,7,7,8,6,8,6,6,7,7,47,7,47,7,6,8,7,9,7,8,7,7,7,7
0,119,119,118,8,7,6,8,46,90,8,7,8,8,92,119,7,60,8,6,119,8,6,120,120,8,119,8,6,119,8,8,8,121,8,8,6,8,101,8,7,7,8,6,9,8,8,9,9,8,8,8,8,9,8,9,9,7,8,8,8,61,7,8,9,8,7,7,132,7,9,6,6,7,7,7,7,6,7,8,7,9,7,7,8,8,36,7,37,36,8
0,50,50,51,8,51,50,50,62,8,50,58,50,65,65,7,45,8,70,7,9,68,69,70,56,7,7,8,8,6,71,8,56,71,71,7,64,71,59,8,58,6,7,7,8,7,7,6,7,7,9,8,7,56,7,8,7,44,74,7,8,74,74,6,8,7,7,8,7,6,8,9,6,7,7,7,6,7,7,9,8,9,7,9,7,9,7,77,7,7,9
0,150,106,153,8,6,7,51,6,8,8,52,53,8,8,59,8,56,8,8,8,8,55,8,55,54,6,8,8,54,54,53,8,8,8,8,8,8,8,53,8,8,9,8,8,8,8,9,8,7,8,8,8,8,8,7,8,6,7,8,8,7,8,7,7,8,54,8,8,7,8,7,44,7,6,7,6,7,9,0,7,8,7,6,8,7,9,7,6,9,57
0,168,166,75,8,94,8,8,8,8,7,124,7,104,164,61,7,7,8,7,8,8,8,167,8,76,128,64,8,88,8,59,136,8,161,8,8,8,7,54,8,8,7,6,6,75,9,7,8,8,7,8,8,7,6,7,8,6,8,7,8,7,6,7,180,7,156,7,8,8,6,7,7,8,6,9,6,7,9,7,7,9,7,71,7,7,8,8,7,9,8
0,168,169,167,8,68,145,8,52,86,8,6,85,138,137,72,148,132,57,6,8,7,8,7,9,124,6,122,52,8,130,8,6,7,8,52,9,7,7,8,8,6,8,8,7,9,8,8,8,8,7,8,8,7,8,8,8,6,7,7,8,7,8,7,8,8,9,8,7,8,9,6,6,8,9,7,130,7,7,8,9,9,8,7,7,7,7,6,7,7,7
0,52,52,52,7,41,52,41,8,7,7,8,7,7,7,7,7,8,52,6,52,8,44,7,8,7,8,53,8,8,6,8,8,8,196,8,53,116,7,8,7,154,55,104,258,121,8,8,8,9,7,8,8,8,79,159,7,8,8,8,8,8,8,7,8,6,7,89,8,8,36,8,89,8,7,8,85,8,8,6,8,8,8,88,8,8,8,8,7,8,8
0,113,111,110,96,101,7,62,8,97,7,108,7,111,8,57,8,7,7,7,8,8,53,7,49,8,8,7,7,7,7,88,87,8,8,66,8,104,115,8,69,8,8,8,8,8,8,8,8,7,51,70,7,6,8,6,8,6,8,8,8,8,67,54,7,8,8,7,8,8,8,67,67,8,8,8,7,7,70,8,8,8,8,8,8,7,8,9,8,8,8
0,206,172,147,7,74,77,8,8,57,8,7,96,8,8,8,7,7,143,0,8,134,87,118,7,52,123,66,57,8,8,7,7,8,8,8,7,8,8,8,8,6,121,141,7,8,8,8,8,7,6,9,8,6,8,8,126,6,8,60,8,7,8,7,8,122,7,88,124,8,7,8,101,57,7,8,8,8,89,8,8,6,8,6,8,8,7,8,7,7,8
0,216,215,213,106,6,8,93,7,8,8,8,8,6,66,172,174,202,6,7,8,8,7,9,7,6,8,8,8,102,8,128,8,8,8,8,6,8,6,8,6,72,173,8,8,8,8,7,8,7,7,8,9,8,8,8,163,7,6,6,8,6,8,7,8,54,7,8,106,8,7,8,7,8,7,8,172,7,169,67,8,6,7,7,7,8,8,9,6,6,7
0,37,38,38,8,38,8,38,38,37,37,6,37,6,7,6,37,8,38,7,8,37,8,6,37,38,6,38,8,7,8,38,38,8,6,7,8,39,7,39,9,8,8,7,7,8,9,8,8,6,8,8,8,6,8,9,8,8,7,9,8,8,8,6,8,9,57,8,57,6,8,8,57,57,8,8,7,6,6,8,8,9,8,8,7,7,8,7,8,7,7
0,135,122,136,8,73,8,8,6,8,8,6,96,135,6,8,132,8,8,6,6,8,6,8,8,115,65,8,8,8,6,142,8,8,199,7,53,149,8,8,7,6,7,103,53,8,9,8,8,7,7,8,6,6,8,7,8,6,8,8,8,8,8,7,8,8,7,8,8,8,8,8,7,9,7,7,7,8,8,7,8,7,8,9,7,8,8,7,7,8,8
0,28,7,7,7,7,8,6,28,27,10,8,8,28,6,8,8,8,8,6,8,8,8,8,8,8,7,8,7,8,6,8,8,8,7,7,6,7,6,8,7,7,8,6,7,7,9,8,8,7,7,8,7,32,8,7,7,6,8,8,8,8,7,7,7,8,7,8,7,7,7,7,7,7,7,7,9,6,9,8,7,7,7,9,7,7,7,7,7,7,7
0,20,20,19,7,8,8,8,7,8,20,7,21,20,8,8,8,8,8,3,24,8,23,6,8,7,8,8,8,24,6,8,25,25,8,8,6,26,6,26,8,6,6,6,6,7,8,9,8,7,9,8,8,7,8,7,8,9,8,7,8,8,7,7,8,8,7,7,8,7,7,7,6,7,8,7,7,6,7,7,8,9,7,7,7,7,7,7,8,9,7
0,154,127,128,7,153,8,7,6,7,8,7,113,8,8,81,6,8,129,6,8,58,9,6,8,8,6,8,6,8,7,8,7,8,7,8,7,8,8,6,7,7,6,7,6,8,8,8,8,7,9,7,8,7,8,7,8,8,6,7,8,7,8,7,7,8,9,8,8,9,8,7,6,7,7,7,6,7,7,7,8,7,7,7,7,7,6,7,9,6,7
0,258,7,111,96,8,8,52,95,49,8,8,8,9,8,86,8,8,8,68,8,8,7,8,7,6,8,8,7,106,7,8,60,100,109,8,7,8,9,8,6,8,9,7,7,7,8,8,8,7,6,7,8,9,8,7,7,7,7,7,7,7,8,9,7,8,7,8,7,8,8,7,8,7,6,7,6,6,7,7,7,7,7,7,7,7,7,8,7,9,7
0,88,93,93,7,7,8,7,8,7,6,6,7,7,8,7,7,8,8,7,8,8,6,8,6,8,7,68,9,68,68,68,6,8,8,54,7,68,7,6,68,8,7,7,9,8,8,7,8,63,7,7,7,7,9,7,8,9,7,8,7,7,7,7,7,8,7,7,7,8,7,7,8,7,7,7,7,7,7,8,7,7,7,7,7,7,7,7,7,7,7
0,34,34,34,8,35,9,7,35,7,7,8,8,35,8,8,8,7,8,7,8,8,36,8,8,8,22,8,6,7,7,8,21,6,6,7,7,7,6,6,7,7,7,7,7,7,8,8,20,8,7,7,7,7,8,8,7,8,7,8,7,7,8,7,8,7,7,7,7,7,7,7,6,6,21,7,7,7,7,7,7,7,7,7,7,7,7,6,7,7,7
0,180,6,8,7,8,8,7,8,52,8,8,8,7,80,119,8,98,6,5,8,8,7,7,7,8,8,9,6,147,7,9,8,80,159,8,7,7,7,7,6,6,8,9,7,7,7,9,7,6,7,7,8,9,7,7,7,8,7,7,7,7,8,7,7,7,9,7,7,7,7,7,7,7,9,7,7,9,7,9,7,7,7,7,7,7,6,7,6,7,7
0,68,69,69,7,7,55,61,7,8,66,67,59,6,8,8,8,8,8,9,8,8,8,7,6,42,7,8,7,7,6,8,8,67,66,67,7,8,8,8,9,68,8,6,7,8,8,8,9,9,6,9,8,9,8,8,8,6,7,7,7,7,8,7,8,8,7,7,7,7,9,7,8,7,7,7,7,7,6,7,7,7,7,7,8,7,6,7,7,7,7
0,62,63,63,8,7,7,8,7,61,8,62,8,8,6,8,8,8,8,6,63,8,7,7,6,7,8,8,7,7,9,8,8,8,8,9,6,7,8,8,6,9,7,7,6,7,9,9,7,6,7,8,7,6,8,7,7,7,7,7,7,9,8,7,7,7,6,8,7,7,7,7,6,7,6,7,9,6,80,7,7,6,7,7,7,8,7,7,7,7,7
0,357,215,245,82,8,7,7,7,8,8,48,7,7,8,123,197,173,6,6,8,8,6,7,8,8,7,126,122,8,8,7,7,8,74,6,8,8,46,76,8,8,8,6,7,8,8,8,8,7,7,8,8,8,8,9,8,7,8,8,8,8,8,7,8,8,6,8,7,137,7,157,8,76,8,8,191,6,8,7,9,8,8,7,8,7,6,7,7,7,7
0,16,16,16,16,7,16,16,8,8,16,6,8,16,6,8,17,7,8,6,8,18,6,8,8,6,6,17,7,6,17,17,8,8,18,18,7,8,8,8,6,8,8,8,8,8,8,9,8,7,6,8,8,7,8,7,8,9,7,8,7,7,8,9,8,8,7,7,7,7,7,6,7,7,6,7,7,7,9,9,7,6,7,7,7,7,6,7,6,7,7
0,7,6,7,6,7,7,7,6,7,7,6,66,50,49,48,6,47,47,0,45,43,44,45,7,43,45,45,6,47,6,9,8,8,8,9,8,8,8,8,8,7,8,7,7,8,8,7,55,8,6,9,9,8,8,8,9,7,7,8,6,7,8,7,8,8,6,7,7,7,7,7,7,7,7,7,7,9,7,7,7,9,8,9,9,6,7,8,7,7,8
0,357,245,164,70,8,8,72,8,195,8,7,8,8,8,8,8,37,8,36,8,8,8,8,6,7,8,8,6,7,7,8,38,8,7,8,8,8,7,8,8,6,7,7,9,7,8,8,8,7,7,83,6,7,8,7,9,6,7,7,7,7,8,7,7,8,6,8,7,7,7,7,7,7,9,7,9,7,6,7,7,6,7,7,7,7,7,6,7,7,7
0,32,32,32,31,32,29,8,32,21,22,8,8,8,8,20,8,20,21,0,8,8,8,44,8,8,9,8,7,7,36,8,35,8,6,7,7,8,6,34,7,8,7,7,7,7,7,8,6,7,7,7,7,9,8,7,8,8,8,8,8,9,7,7,7,7,6,7,7,7,8,30,31,6,7,7,9,7,7,7,8,7,7,7,9,7,7,7,7,7,7
0,46,46,45,34,44,44,34,35,33,7,34,35,8,34,8,6,7,7,6,6,7,34,19,7,8,8,6,6,14,8,8,6,12,6,17,8,7,26,7,26,7,17,8,6,7,8,8,8,7,7,7,24,7,8,9,8,7,7,6,7,8,8,7,7,7,7,7,8,8,8,8,6,7,7,9,8,7,6,7,7,9,8,7,7,8,7,8,8,7,7
0,46,46,46,45,46,46,45,6,7,7,6,49,54,8,8,44,8,8,7,48,8,8,8,6,35,7,8,7,32,6,32,8,8,7,26,7,26,6,26,25,6,7,8,8,7,8,25,8,24,7,8,8,7,8,7,8,7,8,8,8,7,7,6,8,7,6,7,9,7,7,7,7,8,6,7,7,7,9,8,7,7,7,7,9,7,8,7,9,7,8
0,19,19,8,18,8,8,18,18,8,8,8,19,8,18,7,7,8,18,17,8,8,8,8,7,8,8,8,6,6,6,6,8,22,8,6,6,8,8,7,8,6,9,96,6,7,7,9,7,7,7,7,7,8,8,7,8,7,7,6,7,7,7,6,7,7,9,8,7,7,7,7,9,7,6,7,7,7,7,7,7,7,7,7,7,7,7,7,9,7,7
0,236,238,236,8,7,7,126,106,239,8,93,42,7,8,8,7,88,8,5,7,8,8,8,6,8,7,8,9,142,7,8,88,151,8,9,8,8,7,8,7,7,6,7,8,8,7,8,7,6,7,7,7,7,8,7,7,7,7,7,7,7,7,9,7,7,7,7,6,7,7,6,6,6,6,7,7,7,9,9,7,6,7,7,9,9,7,9,7,7,7
0,93,85,79,85,83,8,58,7,77,8,6,70,8,8,8,8,8,8,57,8,8,68,6,71,7,6,8,64,8,7,9,64,63,8,8,8,8,7,8,8,8,8,8,8,7,8,8,8,7,6,7,7,9,8,8,7,6,7,7,8,7,8,6,8,9,7,7,7,7,7,7,7,7,6,7,7,9,9,6,7,7,7,7,7,7,7,7,7,7,8
0,151,125,147,7,6,144,8,6,8,8,6,8,8,9,8,8,8,8,7,8,123,122,8,52,69,120,8,9,6,6,8,8,7,6,7,7,9,8,61,7,8,7,8,54,7,8,7,7,7,6,7,7,7,7,6,6,8,7,7,8,8,8,7,7,7,7,7,83,7,8,7,7,6,6,7,7,7,7,7,7,9,7,7,9,7,7,8,9,7,7
0,36,35,37,35,7,8,7,56,57,7,7,58,8,6,7,8,8,8,0,59,8,8,8,6,9,7,8,7,7,6,48,8,40,7,8,8,7,8,8,6,7,7,8,8,7,7,7,7,7,7,7,8,6,8,7,6,6,7,7,7,7,8,7,7,7,6,7,7,7,7,7,6,7,7,7,7,7,43,7,7,6,7,7,7,7,7,7,7,7,7
0,172,130,173,8,8,8,6,7,8,8,53,8,94,7,8,76,7,8,6,9,8,7,8,7,8,7,8,7,7,6,6,94,7,8,8,7,7,65,50,8,8,7,7,9,7,7,7,8,9,6,7,7,6,8,7,7,7,7,7,7,7,8,7,8,7,6,7,7,7,8,7,6,6,6,7,7,7,7,7,7,7,7,7,7,7,7,7,7,7,7
0,230,223,157,6,8,8,7,116,8,7,6,8,53,8,8,8,8,8,6,7,8,6,50,7,7,7,7,7,6,7,7,7,7,6,7,7,9,7,7,9,7,7,6,7,7,7,7,7,6,7,7,7,7,7,7,7,7,9,7,7,7,7,6,7,7,7,8,7,7,7,7,6,7,6,7,7,7,7,7,7,7,7,7,7,7,7,7,9,7,7
0,7,7,7,7,7,8,8,8,8,8,7,8,7,7,8,9,8,8,7,8,7,7,9,7,7,6,8,6,6,6,7,8,7,61,7,7,7,8,7,7,6,7,7,7,7,7,7,7,7,7,7,7,6,8,7,7,6,7,7,7,9,7,7,7,7,7,7,7,7,7,7,7,7,7,7,7,6,7,9,7,7,7,7,7,7,7,7,6,9,7
0,65,65,65,8,61,65,57,52,8,65,65,8,8,8,8,8,8,8,6,6,8,6,8,6,7,8,8,7,7,7,8,8,8,7,8,7,7,7,7,7,6,8,7,8,7,8,7,8,6,7,8,7,7,7,7,7,9,7,8,7,9,7,7,7,7,7,7,7,9,7,9,7,6,6,7,7,7,6,7,7,7,7,7,7,8,7,6,6,7,7
0,357,192,7,7,7,90,108,6,7,46,7,64,74,83,83,9,7,8,38,7,8,50,7,6,8,8,9,8,6,7,8,8,8,8,7,6,7,38,7,7,9,8,7,7,7,7,8,7,7,7,7,7,6,8,7,7,6,7,8,8,9,7,7,7,7,5,8,7,7,7,7,6,7,7,7,7,6,9,7,7,7,7,9,7,7,7,7,7,7,7
0,7,7,7,7,7,7,7,8,8,7,9,8,9,9,8,8,8,9,7,61,61,61,8,8,61,56,8,6,7,6,8,8,8,8,6,6,7,8,7,8,6,7,9,7,7,8,8,7,7,8,7,8,7,8,7,7,7,7,7,7,9,7,7,7,8,6,8,7,6,7,7,7,7,7,7,7,7,9,7,7,7,7,7,7,7,6,7,9,6,7
0,116,7,115,89,98,7,6,7,103,91,116,6,8,8,8,7,8,6,6,9,8,6,7,8,7,7,8,6,6,6,7,8,7,7,6,6,36,7,7,7,6,7,7,6,7,7,7,7,7,7,9,7,6,7,7,8,6,9,7,7,36,7,7,7,7,9,7,8,9,9,7,6,7,7,7,7,7,37,7,7,6,7,7,9,9,7,7,7,8,7
0,51,51,51,8,38,51,51,6,8,7,7,8,6,8,9,9,8,9,47,7,8,7,6,7,7,6,45,7,6,7,7,9,44,6,44,8,44,7,7,9,7,7,7,7,42,42,42,42,8,6,42,7,7,7,7,9,9,9,7,7,9,7,7,7,7,7,7,6,42,7,42,7,42,7,8,7,8,43,9,7,8,9,7,7,7,7,9,9,7,7
0,42,42,42,7,7,8,8,6,8,8,8,8,9,8,8,6,7,6,0,8,8,22,22,6,22,6,8,8,22,7,8,22,8,7,7,7,7,7,7,8,7,7,8,7,7,7,7,7,6,7,7,8,6,7,7,7,7,8,7,7,7,7,6,7,7,6,8,7,7,7,7,7,6,7,7,7,9,7,7,7,7,7,9,7,7,7,7,7,7,7
